"","SiteNo","Country","Location","Plot","Replication","BLK","Entry","YLD","AD","SD","PH","EH","rEPH","rEPP","nP"
"1",3,"Mexico","Cotaxtla",1,1,1,21,7,8,8,131,67,31,"0.9","58"
"2",3,"Mexico","Cotaxtla",2,1,1,22,8.39,5,5,126,60,29,"1","58"
"3",3,"Mexico","Cotaxtla",3,1,1,32,6.85,6,6,122,60,30,"0.9","54"
"4",3,"Mexico","Cotaxtla",4,1,1,11,8.09,7,7,127,60,28,"1","53"
"5",3,"Mexico","Cotaxtla",5,1,2,4,6.86,5,5,118,40,25,"0.9","58"
"6",3,"Mexico","Cotaxtla",6,1,2,29,6.45,5,5,127,45,24,"0.9","57"
"7",3,"Mexico","Cotaxtla",7,1,2,9,6.07,8,8,68,14,26,"0.8","59"
"8",3,"Mexico","Cotaxtla",8,1,2,16,6.41,9,9,126,54,27,"1","56"
"9",3,"Mexico","Cotaxtla",9,1,3,14,3.11,12,12,68,113,19,"0.7","53"
"10",3,"Mexico","Cotaxtla",10,1,3,13,7.97,7,7,131,54,25,"0.9","58"
"11",3,"Mexico","Cotaxtla",11,1,3,26,8.17,5,5,132,60,26,"1","58"
"12",3,"Mexico","Cotaxtla",12,1,3,1,7.49,6,6,126,60,29,"1","57"
"13",3,"Mexico","Cotaxtla",13,1,4,12,7.12,7,7,118,54,29,"1","57"
"14",3,"Mexico","Cotaxtla",14,1,4,15,7.12,6,6,118,54,29,"0.9","59"
"15",3,"Mexico","Cotaxtla",15,1,4,24,7.11,6,6,97,31,26,"1","55"
"16",3,"Mexico","Cotaxtla",16,1,4,7,6.43,2,2,118,45,27,"0.9","56"
"17",3,"Mexico","Cotaxtla",17,1,5,2,7.92,2,2,118,54,29,"1","57"
"18",3,"Mexico","Cotaxtla",18,1,5,19,1.93,8,8,82,14,24,"0.7","58"
"19",3,"Mexico","Cotaxtla",19,1,5,17,8.92,5,5,122,60,30,"1","55"
"20",3,"Mexico","Cotaxtla",20,1,5,6,6.15,6,6,127,67,32,"0.9","54"
"21",3,"Mexico","Cotaxtla",21,1,6,5,7.44,6,6,136,71,30,"1","54"
"22",3,"Mexico","Cotaxtla",22,1,6,8,8.05,6,6,118,54,29,"1","57"
"23",3,"Mexico","Cotaxtla",23,1,6,28,7.78,8,8,127,60,28,"1","57"
"24",3,"Mexico","Cotaxtla",24,1,6,25,6.43,8,8,118,54,29,"1","54"
"25",3,"Mexico","Cotaxtla",25,1,7,3,8.59,4,4,135,71,30,"1","56"
"26",3,"Mexico","Cotaxtla",26,1,7,27,7.91,5,5,127,71,33,"0.9","57"
"27",3,"Mexico","Cotaxtla",27,1,7,31,7.27,6,6,135,71,30,"0.9","58"
"28",3,"Mexico","Cotaxtla",28,1,7,30,4.93,5,5,118,60,31,"0.7","59"
"29",3,"Mexico","Cotaxtla",29,1,8,18,8.22,5,5,132,67,30,"0.9","57"
"30",3,"Mexico","Cotaxtla",30,1,8,23,2.49,9,9,97,31,26,"0.7","58"
"31",3,"Mexico","Cotaxtla",31,1,8,20,7.98,6,6,118,54,29,"1","54"
"32",3,"Mexico","Cotaxtla",32,1,8,10,7.09,9,9,122,60,30,"0.9","57"
"33",3,"Mexico","Cotaxtla",33,2,9,27,7.17,4,4,132,64,28,"0.9","57"
"34",3,"Mexico","Cotaxtla",34,2,9,21,4.99,9,9,127,67,32,"0.9","54"
"35",3,"Mexico","Cotaxtla",35,2,9,20,6.69,6,6,132,67,30,"1","58"
"36",3,"Mexico","Cotaxtla",36,2,9,17,8.16,6,6,122,71,35,"0.9","58"
"37",3,"Mexico","Cotaxtla",37,2,10,28,6.27,7,7,127,60,28,"0.9","56"
"38",3,"Mexico","Cotaxtla",38,2,10,4,6.81,6,6,122,71,35,"1","59"
"39",3,"Mexico","Cotaxtla",39,2,10,22,7.49,6,6,97,67,38,"0.9","57"
"40",3,"Mexico","Cotaxtla",40,2,10,14,2.86,10,10,102,20,23,"0.9","55"
"41",3,"Mexico","Cotaxtla",41,2,11,1,6.8,5,5,109,31,24,"0.9","55"
"42",3,"Mexico","Cotaxtla",42,2,11,18,6.35,5,5,118,64,33,"0.9","57"
"43",3,"Mexico","Cotaxtla",43,2,11,5,7.25,5,5,135,74,34,"0.9","57"
"44",3,"Mexico","Cotaxtla",44,2,11,24,7.2,6,6,97,45,30,"1.1","55"
"45",3,"Mexico","Cotaxtla",45,2,12,30,5.41,3,3,109,45,28,"0.8","56"
"46",3,"Mexico","Cotaxtla",46,2,12,26,7.82,5,5,118,60,31,"1","56"
"47",3,"Mexico","Cotaxtla",47,2,12,32,6.79,5,5,131,64,29,"0.8","56"
"48",3,"Mexico","Cotaxtla",48,2,12,15,8.09,5,5,109,54,30,"1","57"
"49",3,"Mexico","Cotaxtla",49,2,13,8,8.84,5,5,135,64,27,"1","58"
"50",3,"Mexico","Cotaxtla",50,2,13,12,6.24,7,7,118,64,33,"1","59"
"51",3,"Mexico","Cotaxtla",51,2,13,11,7.71,7,7,135,74,34,"1","57"
"52",3,"Mexico","Cotaxtla",52,2,13,6,5.8,7,7,118,60,31,"0.8","56"
"53",3,"Mexico","Cotaxtla",53,2,14,3,8.04,5,5,122,60,30,"1","53"
"54",3,"Mexico","Cotaxtla",54,2,14,19,1.35,9,9,68,20,28,"0.5","53"
"55",3,"Mexico","Cotaxtla",55,2,14,9,6.16,7,7,109,31,24,"0.9","59"
"56",3,"Mexico","Cotaxtla",56,2,14,13,7.01,8,8,132,64,28,"0.9","60"
"57",3,"Mexico","Cotaxtla",57,2,15,29,6.5,5,5,122,60,30,"1","54"
"58",3,"Mexico","Cotaxtla",58,2,15,25,5.14,7,7,131,71,32,"0.9","58"
"59",3,"Mexico","Cotaxtla",59,2,15,23,2.15,9,9,68,14,26,"0.7","59"
"60",3,"Mexico","Cotaxtla",60,2,15,31,6.84,6,6,122,67,34,"0.8","57"
"61",3,"Mexico","Cotaxtla",61,2,16,10,6.53,8,8,135,64,27,"1","57"
"62",3,"Mexico","Cotaxtla",62,2,16,16,4.77,10,10,127,64,30,"1","57"
"63",3,"Mexico","Cotaxtla",63,2,16,7,6.65,4,4,135,74,34,"0.9","56"
"64",3,"Mexico","Cotaxtla",64,2,16,2,6.31,4,4,127,67,32,"0.9","55"
"65",3,"Mexico","Cotaxtla",65,3,17,5,7.69,5,5,132,67,30,"0.9","57"
"66",3,"Mexico","Cotaxtla",66,3,17,30,5.86,5,5,102,60,33,"0.9","54"
"67",3,"Mexico","Cotaxtla",67,3,17,23,3.15,7,7,97,31,26,"0.8","52"
"68",3,"Mexico","Cotaxtla",68,3,17,19,2.42,9,9,68,2,21,"0.8","58"
"69",3,"Mexico","Cotaxtla",69,3,18,10,8.4,9,9,127,67,32,"1","58"
"70",3,"Mexico","Cotaxtla",70,3,18,24,7.27,7,7,132,71,31,"1","56"
"71",3,"Mexico","Cotaxtla",71,3,18,13,7.47,6,6,118,54,29,"1","55"
"72",3,"Mexico","Cotaxtla",72,3,18,22,7.73,6,6,127,60,28,"0.9","58"
"73",3,"Mexico","Cotaxtla",73,3,19,14,2.81,11,3,82,20,26,"0.8","55"
"74",3,"Mexico","Cotaxtla",74,3,19,9,6.13,7,7,109,31,24,"0.9","57"
"75",3,"Mexico","Cotaxtla",75,3,19,20,6.31,6,6,109,54,30,"1","55"
"76",3,"Mexico","Cotaxtla",76,3,19,6,7.42,4,4,122,71,35,"0.9","59"
"77",3,"Mexico","Cotaxtla",77,3,20,4,6.52,6,6,126,67,33,"1","54"
"78",3,"Mexico","Cotaxtla",78,3,20,31,7.13,6,6,122,60,30,"0.8","58"
"79",3,"Mexico","Cotaxtla",79,3,20,12,7.15,6,7,122,54,28,"0.9","59"
"80",3,"Mexico","Cotaxtla",80,3,20,2,7.15,5,5,122,45,26,"1","55"
"81",3,"Mexico","Cotaxtla",81,3,21,16,5.11,7,7,7,78,3,"0.9","55"
"82",3,"Mexico","Cotaxtla",82,3,21,27,7.6,5,5,127,71,33,"0.9","58"
"83",3,"Mexico","Cotaxtla",83,3,21,18,7.32,5,5,126,54,27,"1","55"
"84",3,"Mexico","Cotaxtla",84,3,21,32,6.99,4,4,127,67,32,"0.9","54"
"85",3,"Mexico","Cotaxtla",85,3,22,7,5.47,4,4,127,67,32,"0.9","55"
"86",3,"Mexico","Cotaxtla",86,3,22,3,7.68,4,4,136,71,30,"1","59"
"87",3,"Mexico","Cotaxtla",87,3,22,8,7.12,4,4,135,73,32,"1","58"
"88",3,"Mexico","Cotaxtla",88,3,22,26,7.27,4,4,126,54,27,"1","56"
"89",3,"Mexico","Cotaxtla",89,3,23,1,6.94,4,4,122,60,30,"0.9","57"
"90",3,"Mexico","Cotaxtla",90,3,23,17,8.09,4,4,118,60,31,"0.9","57"
"91",3,"Mexico","Cotaxtla",91,3,23,25,4.71,9,9,118,40,25,"0.9","56"
"92",3,"Mexico","Cotaxtla",92,3,23,11,8.18,6,6,122,60,30,"1","54"
"93",3,"Mexico","Cotaxtla",93,3,24,15,6.8,6,6,127,64,30,"1","53"
"94",3,"Mexico","Cotaxtla",94,3,24,21,6.07,7,7,127,67,32,"0.9","56"
"95",3,"Mexico","Cotaxtla",95,3,24,28,6.91,6,6,122,40,24,"1.1","54"
"96",3,"Mexico","Cotaxtla",96,3,24,29,7.41,6,6,122,40,24,"1","54"
"97",1,"Mexico","Agua Fria",1,1,1,8,8.35,13,11,97,20,24,"1.2","47"
"98",1,"Mexico","Agua Fria",2,1,1,5,8.92,13,10,68,14,26,"1.2","48"
"99",1,"Mexico","Agua Fria",3,1,1,20,7.66,14,12,43,9,30,"1","48"
"100",1,"Mexico","Agua Fria",4,1,1,26,8.65,13,10,68,31,30,"1","48"
"101",1,"Mexico","Agua Fria",5,1,2,18,7.58,11,13,89,45,31,"1","48"
"102",1,"Mexico","Agua Fria",6,1,2,4,6.74,13,10,75,31,29,"1.1","48"
"103",1,"Mexico","Agua Fria",7,1,2,27,6.41,12,14,75,14,25,"1","48"
"104",1,"Mexico","Agua Fria",8,1,2,22,5.14,14,14,82,2,20,"1","48"
"105",1,"Mexico","Agua Fria",9,1,3,10,6.79,15,15,104,31,25,"1","48"
"106",1,"Mexico","Agua Fria",10,1,3,9,6.77,14,14,79,14,24,"1","47"
"107",1,"Mexico","Agua Fria",11,1,3,11,8.44,13,13,77,15,25,"1","47"
"108",1,"Mexico","Agua Fria",12,1,3,6,8.09,13,10,75,14,25,"1.1","48"
"109",1,"Mexico","Agua Fria",13,1,4,14,5.14,16,16,28,107,24,"0.9","48"
"110",1,"Mexico","Agua Fria",14,1,4,2,6.87,11,9,82,31,28,"1","48"
"111",1,"Mexico","Agua Fria",15,1,4,13,6.69,13,13,55,31,33,"0.9","46"
"112",1,"Mexico","Agua Fria",16,1,4,32,7.42,14,11,102,31,25,"1","48"
"113",1,"Mexico","Agua Fria",17,1,5,23,3.49,14,14,43,8,28,"0.8","49"
"114",1,"Mexico","Agua Fria",18,1,5,17,6.32,13,9,75,9,24,"1","48"
"115",1,"Mexico","Agua Fria",19,1,5,28,6.04,13,13,55,31,33,"1","52"
"116",1,"Mexico","Agua Fria",20,1,5,12,5.82,16,15,37,14,32,"1","50"
"117",1,"Mexico","Agua Fria",21,1,6,30,6.06,14,13,89,31,27,"1","43"
"118",1,"Mexico","Agua Fria",22,1,6,7,6.6,11,7,84,54,34,"1","48"
"119",1,"Mexico","Agua Fria",23,1,6,15,6.2,14,10,86,31,27,"1","49"
"120",1,"Mexico","Agua Fria",24,1,6,1,6.99,10,9,75,31,29,"1","49"
"121",1,"Mexico","Agua Fria",25,1,7,16,6.23,14,13,89,33,27,"1","48"
"122",1,"Mexico","Agua Fria",26,1,7,25,5.99,14,13,61,47,37,"1","45"
"123",1,"Mexico","Agua Fria",27,1,7,31,8.4,13,11,102,47,29,"1","50"
"124",1,"Mexico","Agua Fria",28,1,7,3,6.78,12,10,102,42,28,"1","48"
"125",1,"Mexico","Agua Fria",29,1,8,21,5.78,16,15,68,40,33,"0.9","48"
"126",1,"Mexico","Agua Fria",30,1,8,24,6.51,13,10,43,113,23,"0.9","48"
"127",1,"Mexico","Agua Fria",31,1,8,19,4.7,14,13,49,2,25,"0.9","49"
"128",1,"Mexico","Agua Fria",32,1,8,29,6.48,14,10,64,20,29,"0.9","51"
"129",1,"Mexico","Agua Fria",33,2,9,24,6.61,14,11,75,31,29,"1","49"
"130",1,"Mexico","Agua Fria",34,2,9,15,6.15,14,10,82,54,34,"1.1","48"
"131",1,"Mexico","Agua Fria",35,2,9,18,6.02,13,9,97,54,32,"0.9","48"
"132",1,"Mexico","Agua Fria",36,2,9,25,6.52,14,13,82,45,32,"0.9","48"
"133",1,"Mexico","Agua Fria",37,2,10,31,8.09,14,12,102,45,29,"1","49"
"134",1,"Mexico","Agua Fria",38,2,10,14,4.53,15,16,43,8,28,"0.9","49"
"135",1,"Mexico","Agua Fria",39,2,10,27,8.28,11,9,97,60,34,"1","48"
"136",1,"Mexico","Agua Fria",40,2,10,11,8.98,13,11,118,64,33,"1","48"
"137",1,"Mexico","Agua Fria",41,2,11,22,7.81,14,10,122,45,26,"1","50"
"138",1,"Mexico","Agua Fria",42,2,11,6,7.04,12,10,97,45,30,"1","48"
"139",1,"Mexico","Agua Fria",43,2,11,17,7.61,11,9,102,60,33,"1","49"
"140",1,"Mexico","Agua Fria",44,2,11,20,6.39,15,14,61,31,32,"1","49"
"141",1,"Mexico","Agua Fria",45,2,12,3,6.97,13,10,75,2,20,"1.1","49"
"142",1,"Mexico","Agua Fria",46,2,12,30,6.04,14,13,97,57,33,"1","46"
"143",1,"Mexico","Agua Fria",47,2,12,9,6.46,15,15,89,40,29,"1","49"
"144",1,"Mexico","Agua Fria",48,2,12,5,6.22,13,12,109,60,32,"1","48"
"145",1,"Mexico","Agua Fria",49,2,13,4,6.81,14,9,89,45,31,"1","48"
"146",1,"Mexico","Agua Fria",50,2,13,26,8.54,13,10,89,56,34,"1","48"
"147",1,"Mexico","Agua Fria",51,2,13,19,3.91,15,15,49,113,22,"0.9","49"
"148",1,"Mexico","Agua Fria",52,2,13,2,6.97,11,8,68,17,27,"1.1","48"
"149",1,"Mexico","Agua Fria",53,2,14,23,4.48,16,15,32,113,26,"1.1","40"
"150",1,"Mexico","Agua Fria",54,2,14,32,7.41,15,12,75,54,36,"1","46"
"151",1,"Mexico","Agua Fria",55,2,14,29,6.72,11,9,89,31,27,"1","50"
"152",1,"Mexico","Agua Fria",56,2,14,16,5.72,15,15,89,60,35,"1","50"
"153",1,"Mexico","Agua Fria",57,2,15,7,5.61,12,9,118,41,25,"1","47"
"154",1,"Mexico","Agua Fria",58,2,15,10,7.81,15,12,75,54,36,"1","48"
"155",1,"Mexico","Agua Fria",59,2,15,12,8.19,14,11,98,42,29,"1","49"
"156",1,"Mexico","Agua Fria",60,2,15,21,6.56,16,15,61,40,34,"1","46"
"157",1,"Mexico","Agua Fria",61,2,16,1,6.39,12,11,75,31,29,"0.9","47"
"158",1,"Mexico","Agua Fria",62,2,16,8,7.91,11,10,131,60,27,"1","45"
"159",1,"Mexico","Agua Fria",63,2,16,13,7.66,12,11,122,45,26,"1","49"
"160",1,"Mexico","Agua Fria",64,2,16,28,7.1,14,11,118,67,35,"0.9","50"
"161",1,"Mexico","Agua Fria",65,3,17,7,6.71,11,8,126,60,29,"1","50"
"162",1,"Mexico","Agua Fria",66,3,17,14,4.37,14,13,61,14,27,"0.9","48"
"163",1,"Mexico","Agua Fria",67,3,17,26,8.7,12,11,102,45,29,"1","49"
"164",1,"Mexico","Agua Fria",68,3,17,24,7.08,14,12,55,14,28,"1","48"
"165",1,"Mexico","Agua Fria",69,3,18,27,6.72,12,12,68,31,30,"1","48"
"166",1,"Mexico","Agua Fria",70,3,18,21,5.23,15,15,89,20,25,"0.9","50"
"167",1,"Mexico","Agua Fria",71,3,18,1,5.1,12,11,102,45,29,"1","48"
"168",1,"Mexico","Agua Fria",72,3,18,6,5.92,12,11,131,40,22,"0.9","49"
"169",1,"Mexico","Agua Fria",73,3,19,17,7.3,12,11,89,31,27,"1","48"
"170",1,"Mexico","Agua Fria",74,3,19,30,4.89,13,13,102,40,27,"0.9","37"
"171",1,"Mexico","Agua Fria",75,3,19,13,7.77,15,14,55,2,24,"1","48"
"172",1,"Mexico","Agua Fria",76,3,19,25,5.62,15,14,75,31,29,"0.9","49"
"173",1,"Mexico","Agua Fria",77,3,20,31,7.39,14,11,126,64,31,"1","47"
"174",1,"Mexico","Agua Fria",78,3,20,9,5.76,12,11,60,31,32,"0.9","51"
"175",1,"Mexico","Agua Fria",79,3,20,19,4.62,15,14,52,2,24,"1","49"
"176",1,"Mexico","Agua Fria",80,3,20,23,3.95,15,14,43,2,26,"0.9","49"
"177",1,"Mexico","Agua Fria",81,3,21,8,7.73,11,11,132,67,30,"0.9","50"
"178",1,"Mexico","Agua Fria",82,3,21,2,6.44,10,8,97,40,28,"1","46"
"179",1,"Mexico","Agua Fria",83,3,21,3,6.85,11,10,131,67,31,"1","58"
"180",1,"Mexico","Agua Fria",84,3,21,10,5.92,15,14,118,60,31,"0.9","51"
"181",1,"Mexico","Agua Fria",85,3,22,16,5.72,15,14,93,31,27,"0.8","48"
"182",1,"Mexico","Agua Fria",86,3,22,4,6.62,11,10,97,39,28,"1","50"
"183",1,"Mexico","Agua Fria",87,3,22,20,6.55,13,11,92,45,31,"0.9","47"
"184",1,"Mexico","Agua Fria",88,3,22,15,6.94,14,11,102,31,25,"1","54"
"185",1,"Mexico","Agua Fria",89,3,23,18,6.18,14,11,109,54,30,"1","48"
"186",1,"Mexico","Agua Fria",90,3,23,11,7.84,14,11,131,60,27,"1.1","48"
"187",1,"Mexico","Agua Fria",91,3,23,32,7.07,12,11,131,60,27,"1","46"
"188",1,"Mexico","Agua Fria",92,3,23,28,5.61,14,12,118,45,27,"0.9","49"
"189",1,"Mexico","Agua Fria",93,3,24,12,7.05,14,11,109,45,28,"1","53"
"190",1,"Mexico","Agua Fria",94,3,24,29,5.71,12,11,102,60,33,"0.9","43"
"191",1,"Mexico","Agua Fria",95,3,24,22,7.21,11,11,118,64,33,"1","49"
"192",1,"Mexico","Agua Fria",96,3,24,5,7.21,12,11,131,67,31,"1","53"
"193",4,"Mexico","Tlaltizapan",1,1,1,23,7.42,19,19,68,8,24,"1","62"
"194",4,"Mexico","Tlaltizapan",2,1,1,32,11.03,18,17,68,20,28,"1","62"
"195",4,"Mexico","Tlaltizapan",3,1,1,28,11.66,18,18,126,64,31,"1.1","64"
"196",4,"Mexico","Tlaltizapan",4,1,1,1,10.12,16,16,97,60,34,"1","64"
"197",4,"Mexico","Tlaltizapan",5,1,2,10,12.1,18,17,118,64,33,"1","65"
"198",4,"Mexico","Tlaltizapan",6,1,2,26,13.06,15,14,55,20,30,"1","64"
"199",4,"Mexico","Tlaltizapan",7,1,2,14,5.65,20,20,55,20,30,"0.8","62"
"200",4,"Mexico","Tlaltizapan",8,1,2,5,13.3,16,15,89,45,31,"1","67"
"201",4,"Mexico","Tlaltizapan",9,1,3,2,9.8,14,12,82,60,37,"1","65"
"202",4,"Mexico","Tlaltizapan",10,1,3,16,9.23,18,17,82,31,28,"1","64"
"203",4,"Mexico","Tlaltizapan",11,1,3,21,9.37,19,18,89,54,33,"0.9","66"
"204",4,"Mexico","Tlaltizapan",12,1,3,15,10.95,18,15,102,60,33,"1.1","60"
"205",4,"Mexico","Tlaltizapan",13,1,4,31,11,17,16,102,64,35,"0.9","65"
"206",4,"Mexico","Tlaltizapan",14,1,4,24,11.51,17,15,55,14,28,"1.1","61"
"207",4,"Mexico","Tlaltizapan",15,1,4,7,9.73,15,13,89,67,40,"1.1","61"
"208",4,"Mexico","Tlaltizapan",16,1,4,9,11.68,17,17,97,40,28,"0.9","63"
"209",4,"Mexico","Tlaltizapan",17,1,5,12,10.65,18,16,97,31,26,"1","64"
"210",4,"Mexico","Tlaltizapan",18,1,5,30,12.76,18,17,89,40,29,"1.2","30"
"211",4,"Mexico","Tlaltizapan",19,1,5,20,8.52,18,16,109,54,30,"1","65"
"212",4,"Mexico","Tlaltizapan",20,1,5,27,11.86,17,16,102,67,37,"1.1","62"
"213",4,"Mexico","Tlaltizapan",21,1,6,11,10.96,17,16,109,64,34,"1","66"
"214",4,"Mexico","Tlaltizapan",22,1,6,17,14.77,15,13,68,8,24,"1","66"
"215",4,"Mexico","Tlaltizapan",23,1,6,29,13.29,16,15,97,54,32,"1","51"
"216",4,"Mexico","Tlaltizapan",24,1,6,25,10.69,18,19,75,40,31,"1","62"
"217",4,"Mexico","Tlaltizapan",25,1,7,4,13.33,16,15,97,45,30,"1.1","65"
"218",4,"Mexico","Tlaltizapan",26,1,7,19,5.04,21,21,75,31,29,"0.7","60"
"219",4,"Mexico","Tlaltizapan",27,1,7,18,12.79,17,17,131,64,29,"1","65"
"220",4,"Mexico","Tlaltizapan",28,1,7,6,12.34,17,17,127,71,33,"1","66"
"221",4,"Mexico","Tlaltizapan",29,1,8,13,12.8,17,18,118,67,35,"1","64"
"222",4,"Mexico","Tlaltizapan",30,1,8,22,13.53,17,18,132,75,37,"1","62"
"223",4,"Mexico","Tlaltizapan",31,1,8,3,12.1,16,15,131,71,32,"1","61"
"224",4,"Mexico","Tlaltizapan",32,1,8,8,13.8,15,15,131,73,34,"1.1","65"
"225",4,"Mexico","Tlaltizapan",33,2,9,2,9.14,15,13,97,54,32,"0.9","64"
"226",4,"Mexico","Tlaltizapan",34,2,9,3,12,17,17,118,71,37,"1.1","63"
"227",4,"Mexico","Tlaltizapan",35,2,9,28,11.58,19,19,126,73,36,"1","64"
"228",4,"Mexico","Tlaltizapan",36,2,9,6,12.84,15,15,122,54,28,"1","66"
"229",4,"Mexico","Tlaltizapan",37,2,10,23,5.83,21,21,89,45,31,"0.8","64"
"230",4,"Mexico","Tlaltizapan",38,2,10,8,11.18,16,17,135,74,34,"1","68"
"231",4,"Mexico","Tlaltizapan",39,2,10,17,13.04,16,16,126,60,29,"1","67"
"232",4,"Mexico","Tlaltizapan",40,2,10,7,8.76,16,15,97,54,32,"1","63"
"233",4,"Mexico","Tlaltizapan",41,2,11,30,9.02,17,18,97,40,28,"1.1","35"
"234",4,"Mexico","Tlaltizapan",42,2,11,26,14.23,16,16,118,60,31,"1.1","60"
"235",4,"Mexico","Tlaltizapan",43,2,11,11,13.8,17,17,118,67,35,"1.1","63"
"236",4,"Mexico","Tlaltizapan",44,2,11,4,11.35,16,15,109,73,40,"1","65"
"237",4,"Mexico","Tlaltizapan",45,2,12,1,9.29,17,17,102,64,35,"1","62"
"238",4,"Mexico","Tlaltizapan",46,2,12,10,13.71,19,19,118,60,31,"1","64"
"239",4,"Mexico","Tlaltizapan",47,2,12,19,4.86,20,20,49,14,29,"0.8","64"
"240",4,"Mexico","Tlaltizapan",48,2,12,9,12.95,19,19,97,31,26,"1","65"
"241",4,"Mexico","Tlaltizapan",49,2,13,31,11.46,17,17,131,71,32,"0.9","65"
"242",4,"Mexico","Tlaltizapan",50,2,13,12,12.05,18,17,109,45,28,"1","64"
"243",4,"Mexico","Tlaltizapan",51,2,13,22,11.86,18,17,131,71,32,"1","66"
"244",4,"Mexico","Tlaltizapan",52,2,13,18,12.58,17,16,122,67,34,"0.9","66"
"245",4,"Mexico","Tlaltizapan",53,2,14,13,12.76,17,16,109,67,36,"1","62"
"246",4,"Mexico","Tlaltizapan",54,2,14,25,9.36,18,19,118,60,31,"1","60"
"247",4,"Mexico","Tlaltizapan",55,2,14,14,6.88,21,22,89,31,27,"0.9","66"
"248",4,"Mexico","Tlaltizapan",56,2,14,21,9.53,21,20,118,67,35,"1","66"
"249",4,"Mexico","Tlaltizapan",57,2,15,32,11.41,17,15,109,67,36,"1","63"
"250",4,"Mexico","Tlaltizapan",58,2,15,27,14.72,16,15,127,71,33,"1.1","63"
"251",4,"Mexico","Tlaltizapan",59,2,15,29,10.29,16,15,127,64,30,"1","59"
"252",4,"Mexico","Tlaltizapan",60,2,15,15,11.21,17,15,131,64,29,"1","63"
"253",4,"Mexico","Tlaltizapan",61,2,16,5,11.45,16,14,131,76,40,"1","66"
"254",4,"Mexico","Tlaltizapan",62,2,16,16,7.84,18,17,127,71,33,"1","64"
"255",4,"Mexico","Tlaltizapan",63,2,16,24,11.06,16,15,118,60,31,"1","63"
"256",4,"Mexico","Tlaltizapan",64,2,16,20,12.18,17,14,126,64,31,"1","65"
"257",4,"Mexico","Tlaltizapan",65,3,17,31,14.54,16,15,137,77,39,"0.9","66"
"258",4,"Mexico","Tlaltizapan",66,3,17,32,11.91,16,14,131,71,32,"0.9","56"
"259",4,"Mexico","Tlaltizapan",67,3,17,14,6.27,19,22,75,45,34,"0.8","65"
"260",4,"Mexico","Tlaltizapan",68,3,17,8,13.96,15,16,132,76,38,"1","68"
"261",4,"Mexico","Tlaltizapan",69,3,18,29,12.19,16,14,126,73,36,"1","61"
"262",4,"Mexico","Tlaltizapan",70,3,18,16,11.15,18,17,102,31,25,"0.9","64"
"263",4,"Mexico","Tlaltizapan",71,3,18,23,5.28,21,21,89,54,33,"0.7","67"
"264",4,"Mexico","Tlaltizapan",72,3,18,4,12.7,15,14,122,67,34,"1.1","64"
"265",4,"Mexico","Tlaltizapan",73,3,19,11,15.43,17,17,127,74,37,"1","62"
"266",4,"Mexico","Tlaltizapan",74,3,19,3,12.56,18,19,118,54,29,"0.9","66"
"267",4,"Mexico","Tlaltizapan",75,3,19,24,11.5,17,17,118,67,35,"0.9","64"
"268",4,"Mexico","Tlaltizapan",76,3,19,21,10.04,20,20,122,64,32,"0.9","64"
"269",4,"Mexico","Tlaltizapan",77,3,20,2,10.34,15,13,89,45,31,"1","65"
"270",4,"Mexico","Tlaltizapan",78,3,20,7,11.26,16,15,109,54,30,"0.9","65"
"271",4,"Mexico","Tlaltizapan",79,3,20,30,11.01,18,18,135,71,30,"0.9","45"
"272",4,"Mexico","Tlaltizapan",80,3,20,18,14.02,17,16,131,64,29,"1","63"
"273",4,"Mexico","Tlaltizapan",81,3,21,19,5.51,21,21,55,14,28,"0.8","64"
"274",4,"Mexico","Tlaltizapan",82,3,21,27,12.21,17,17,118,60,31,"1","63"
"275",4,"Mexico","Tlaltizapan",83,3,21,28,11.78,19,19,122,64,32,"1","64"
"276",4,"Mexico","Tlaltizapan",84,3,21,13,12.54,17,19,118,64,33,"0.9","63"
"277",4,"Mexico","Tlaltizapan",85,3,22,1,10.77,17,17,102,54,31,"1","64"
"278",4,"Mexico","Tlaltizapan",86,3,22,12,12.13,19,17,122,60,30,"1","65"
"279",4,"Mexico","Tlaltizapan",87,3,22,25,9.06,19,19,97,45,30,"1","60"
"280",4,"Mexico","Tlaltizapan",88,3,22,26,13.7,15,14,126,67,33,"1","67"
"281",4,"Mexico","Tlaltizapan",89,3,23,9,10.89,17,19,97,40,28,"1","63"
"282",4,"Mexico","Tlaltizapan",90,3,23,6,10.89,16,15,109,60,32,"1","64"
"283",4,"Mexico","Tlaltizapan",91,3,23,17,12.43,16,16,102,31,25,"1","63"
"284",4,"Mexico","Tlaltizapan",92,3,23,5,10.82,17,16,122,71,35,"1.1","64"
"285",4,"Mexico","Tlaltizapan",93,3,24,20,10.73,18,17,109,67,36,"1","62"
"286",4,"Mexico","Tlaltizapan",94,3,24,10,12.01,18,20,122,60,30,"1","66"
"287",4,"Mexico","Tlaltizapan",95,3,24,22,11.07,17,18,118,64,33,"1","62"
"288",4,"Mexico","Tlaltizapan",96,3,24,15,11.72,18,16,109,45,28,"1","66"
"289",7,"El Salvador","San Andres",1,1,1,18,4.98,11,14,64,40,33,"1","49"
"290",7,"El Salvador","San Andres",2,1,1,24,3.96,14,15,55,14,28,"0.9","47"
"291",7,"El Salvador","San Andres",3,1,1,32,1.89,13,15,61,54,38,"1","34"
"292",7,"El Salvador","San Andres",4,1,1,5,4.18,10,12,82,60,37,"1","50"
"293",7,"El Salvador","San Andres",5,1,2,27,4.24,11,12,84,56,35,"1","47"
"294",7,"El Salvador","San Andres",6,1,2,1,4.03,12,13,97,45,30,"1","42"
"295",7,"El Salvador","San Andres",7,1,2,20,3.78,15,15,102,67,37,"1","49"
"296",7,"El Salvador","San Andres",8,1,2,4,4.23,11,12,89,60,35,"1","48"
"297",7,"El Salvador","San Andres",9,1,3,29,4.17,11,12,82,45,32,"1","41"
"298",7,"El Salvador","San Andres",10,1,3,21,1.89,15,19,82,60,37,"0.8","35"
"299",7,"El Salvador","San Andres",11,1,3,23,0.94,15,18,37,2,27,"1","22"
"300",7,"El Salvador","San Andres",12,1,3,6,4.71,11,13,82,31,28,"1","49"
"301",7,"El Salvador","San Andres",13,1,4,15,4.54,14,15,89,45,31,"1.1","45"
"302",7,"El Salvador","San Andres",14,1,4,25,1.41,14,19,72,40,32,"1","26"
"303",7,"El Salvador","San Andres",15,1,4,3,5.19,12,13,89,14,23,"1","52"
"304",7,"El Salvador","San Andres",16,1,4,13,3.29,11,15,77,14,24,"0.9","41"
"305",7,"El Salvador","San Andres",17,1,5,2,3.77,12,13,75,14,25,"1","46"
"306",7,"El Salvador","San Andres",18,1,5,11,5.14,14,17,102,67,37,"1","50"
"307",7,"El Salvador","San Andres",19,1,5,10,2.46,13,18,106,73,40,"0.8","36"
"308",7,"El Salvador","San Andres",20,1,5,30,2.42,12,17,61,60,41,"1","35"
"309",7,"El Salvador","San Andres",21,1,6,7,3.99,11,12,82,31,28,"1","45"
"310",7,"El Salvador","San Andres",22,1,6,9,2.27,13,18,64,31,31,"1","35"
"311",7,"El Salvador","San Andres",23,1,6,31,3.42,12,14,75,49,34,"1","43"
"312",7,"El Salvador","San Andres",24,1,6,26,3.75,11,12,75,45,34,"1","43"
"313",7,"El Salvador","San Andres",25,1,7,12,2.85,14,14,68,31,30,"1","39"
"314",7,"El Salvador","San Andres",26,1,7,22,5.19,11,13,68,40,33,"1","52"
"315",7,"El Salvador","San Andres",27,1,7,17,4.74,11,14,73,31,30,"1.2","40"
"316",7,"El Salvador","San Andres",28,1,7,16,1.51,14,15,84,31,28,"0.8","34"
"317",7,"El Salvador","San Andres",29,1,8,14,0.94,15,19,25,8,33,"1.1","31"
"318",7,"El Salvador","San Andres",30,1,8,28,3.8,14,15,85,45,32,"0.9","52"
"319",7,"El Salvador","San Andres",31,1,8,8,3.94,12,12,58,20,30,"1.1","41"
"320",7,"El Salvador","San Andres",32,1,8,19,1.13,14,19,29,98,19,"1.1","34"
"321",7,"El Salvador","San Andres",33,2,9,16,1.41,15,18,61,40,34,"0.7","45"
"322",7,"El Salvador","San Andres",34,2,9,25,1.41,14,17,68,45,35,"0.9","34"
"323",7,"El Salvador","San Andres",35,2,9,1,3.74,11,13,102,45,29,"1","41"
"324",7,"El Salvador","San Andres",36,2,9,10,2.44,12,17,73,60,38,"0.8","45"
"325",7,"El Salvador","San Andres",37,2,10,11,3.94,11,15,86,40,30,"1","44"
"326",7,"El Salvador","San Andres",38,2,10,9,2.19,14,16,37,113,25,"0.9","32"
"327",7,"El Salvador","San Andres",39,2,10,12,3.32,15,16,72,40,32,"0.9","46"
"328",7,"El Salvador","San Andres",40,2,10,5,3.31,11,13,89,40,29,"1","44"
"329",7,"El Salvador","San Andres",41,2,11,24,4.44,14,15,102,67,37,"1","49"
"330",7,"El Salvador","San Andres",42,2,11,6,3.93,12,14,87,58,35,"0.9","46"
"331",7,"El Salvador","San Andres",43,2,11,4,4.24,11,13,49,14,29,"1.1","43"
"332",7,"El Salvador","San Andres",44,2,11,14,0.94,16,22,34,113,25,"1.1","20"
"333",7,"El Salvador","San Andres",45,2,12,7,4.1,12,13,68,45,35,"1","48"
"334",7,"El Salvador","San Andres",46,2,12,3,4.23,11,14,52,20,31,"1","49"
"335",7,"El Salvador","San Andres",47,2,12,28,3.22,15,16,55,45,37,"0.8","36"
"336",7,"El Salvador","San Andres",48,2,12,21,1.89,16,20,43,20,33,"1","31"
"337",7,"El Salvador","San Andres",49,2,13,30,2.82,15,17,27,31,41,"1.1","34"
"338",7,"El Salvador","San Andres",50,2,13,20,4.92,18,19,68,40,33,"0.9","53"
"339",7,"El Salvador","San Andres",51,2,13,29,3.3,12,14,49,14,29,"1.1","35"
"340",7,"El Salvador","San Andres",52,2,13,26,4.86,11,14,75,43,33,"1","48"
"341",7,"El Salvador","San Andres",53,2,14,31,3.78,12,14,64,31,31,"1","37"
"342",7,"El Salvador","San Andres",54,2,14,27,4.68,11,14,61,45,36,"0.9","46"
"343",7,"El Salvador","San Andres",55,2,14,22,5.17,11,13,55,31,33,"1","47"
"344",7,"El Salvador","San Andres",56,2,14,19,0.47,15,21,29,2,29,"0.9","20"
"345",7,"El Salvador","San Andres",57,2,15,2,4.26,12,13,61,14,27,"1","48"
"346",7,"El Salvador","San Andres",58,2,15,8,4.62,11,12,75,54,36,"1","48"
"347",7,"El Salvador","San Andres",59,2,15,13,2.07,15,18,35,8,30,"0.9","32"
"348",7,"El Salvador","San Andres",60,2,15,32,1.41,14,16,32,14,33,"1","27"
"349",7,"El Salvador","San Andres",61,2,16,18,4.42,11,14,89,45,31,"1","47"
"350",7,"El Salvador","San Andres",62,2,16,23,0.47,15,21,28,103,22,"0.6","20"
"351",7,"El Salvador","San Andres",63,2,16,17,3.56,11,14,97,60,34,"1.1","45"
"352",7,"El Salvador","San Andres",64,2,16,15,4.19,14,15,52,14,29,"1","50"
"353",7,"El Salvador","San Andres",65,3,17,16,1.78,14,19,73,54,36,"0.9","36"
"354",7,"El Salvador","San Andres",66,3,17,27,4.74,11,13,101,60,33,"1","48"
"355",7,"El Salvador","San Andres",67,3,17,8,3.97,11,12,97,67,38,"0.9","45"
"356",7,"El Salvador","San Andres",68,3,17,29,3.42,10,11,68,14,26,"1","40"
"357",7,"El Salvador","San Andres",69,3,18,13,3.32,13,14,75,54,36,"1","44"
"358",7,"El Salvador","San Andres",70,3,18,9,1.52,14,20,49,107,20,"1","31"
"359",7,"El Salvador","San Andres",71,3,18,4,4.18,12,12,86,45,32,"1.1","48"
"360",7,"El Salvador","San Andres",72,3,18,10,2.63,15,19,97,64,36,"1.1","33"
"361",7,"El Salvador","San Andres",73,3,19,5,4.29,11,13,106,73,40,"1","48"
"362",7,"El Salvador","San Andres",74,3,19,20,3.94,15,19,109,60,32,"0.9","46"
"363",7,"El Salvador","San Andres",75,3,19,6,4.16,12,14,97,60,34,"1","39"
"364",7,"El Salvador","San Andres",76,3,19,3,3.6,13,14,77,60,37,"1","42"
"365",7,"El Salvador","San Andres",77,3,20,7,4.22,12,13,89,54,33,"1","47"
"366",7,"El Salvador","San Andres",78,3,20,18,4.35,12,17,77,20,27,"0.9","52"
"367",7,"El Salvador","San Andres",79,3,20,12,3.28,15,17,73,54,36,"1","47"
"368",7,"El Salvador","San Andres",80,3,20,1,4.45,12,13,74,39,31,"1","43"
"369",7,"El Salvador","San Andres",81,3,21,30,1.88,13,15,43,14,31,"1","33"
"370",7,"El Salvador","San Andres",82,3,21,17,5.11,11,13,61,31,32,"1","50"
"371",7,"El Salvador","San Andres",83,3,21,14,0.94,16,18,41,8,29,"1.2","30"
"372",7,"El Salvador","San Andres",84,3,21,32,1.42,14,18,19,107,29,"0.9","29"
"373",7,"El Salvador","San Andres",85,3,22,15,4.31,15,16,89,54,33,"0.9","50"
"374",7,"El Salvador","San Andres",86,3,22,2,4.17,11,12,77,40,31,"1","49"
"375",7,"El Salvador","San Andres",87,3,22,22,4.62,13,14,86,60,36,"1","50"
"376",7,"El Salvador","San Andres",88,3,22,21,1.41,15,18,77,31,29,"1","34"
"377",7,"El Salvador","San Andres",89,3,23,19,0.47,16,19,37,14,32,"0.7","26"
"378",7,"El Salvador","San Andres",90,3,23,26,3.29,12,13,82,40,30,"0.9","47"
"379",7,"El Salvador","San Andres",91,3,23,11,5.18,11,14,102,60,33,"1","52"
"380",7,"El Salvador","San Andres",92,3,23,23,0.94,15,21,55,14,28,"0.8","46"
"381",7,"El Salvador","San Andres",93,3,24,25,1.88,14,19,61,40,34,"0.8","43"
"382",7,"El Salvador","San Andres",94,3,24,28,4.22,11,14,61,40,34,"0.9","49"
"383",7,"El Salvador","San Andres",95,3,24,24,3.56,14,16,61,14,27,"0.9","49"
"384",7,"El Salvador","San Andres",96,3,24,31,3.6,12,13,56,54,40,"1","45"
"385",8,"El Salvador","Santa Cruz",1,1,1,3,7.28,5,4,122,40,24,"1","25"
"386",8,"El Salvador","Santa Cruz",2,1,1,10,6.12,7,9,126,45,25,"1.1","20"
"387",8,"El Salvador","Santa Cruz",3,1,1,13,7.32,6,6,118,60,31,"1","27"
"388",8,"El Salvador","Santa Cruz",4,1,1,23,1.67,8,9,49,14,29,"1.1","19"
"389",8,"El Salvador","Santa Cruz",5,1,2,30,5.4,5,4,75,45,34,"1","21"
"390",8,"El Salvador","Santa Cruz",6,1,2,18,7.5,7,7,118,45,27,"1.1","26"
"391",8,"El Salvador","Santa Cruz",7,1,2,19,1.7,10,10,43,107,21,"0.9","15"
"392",8,"El Salvador","Santa Cruz",8,1,2,27,6.83,5,5,118,45,27,"1.1","25"
"393",8,"El Salvador","Santa Cruz",9,1,3,5,7.18,4,3,109,60,32,"1.1","28"
"394",8,"El Salvador","Santa Cruz",10,1,3,6,7.68,7,11,122,40,24,"1","25"
"395",8,"El Salvador","Santa Cruz",11,1,3,29,6.39,5,5,102,45,29,"1","25"
"396",8,"El Salvador","Santa Cruz",12,1,3,22,9.06,7,6,127,45,24,"1","26"
"397",8,"El Salvador","Santa Cruz",13,1,4,2,7.62,4,3,61,14,27,"0.8","26"
"398",8,"El Salvador","Santa Cruz",14,1,4,14,2.81,10,11,49,2,25,"1","23"
"399",8,"El Salvador","Santa Cruz",15,1,4,8,8.17,7,6,126,40,23,"1.6","24"
"400",8,"El Salvador","Santa Cruz",16,1,4,1,6.27,4,3,118,20,21,"1","25"
"401",8,"El Salvador","Santa Cruz",17,1,5,11,7.38,6,6,118,20,21,"1","23"
"402",8,"El Salvador","Santa Cruz",18,1,5,28,6.34,6,5,126,60,29,"1","24"
"403",8,"El Salvador","Santa Cruz",19,1,5,26,7.2,5,6,102,31,25,"1","25"
"404",8,"El Salvador","Santa Cruz",20,1,5,15,7.82,8,6,89,40,29,"1","26"
"405",8,"El Salvador","Santa Cruz",21,1,6,16,4.36,8,8,132,67,30,"1","19"
"406",8,"El Salvador","Santa Cruz",22,1,6,4,7.3,5,5,109,64,34,"1","23"
"407",8,"El Salvador","Santa Cruz",23,1,6,12,7.51,8,7,126,60,29,"1.1","27"
"408",8,"El Salvador","Santa Cruz",24,1,6,17,8.13,6,4,102,40,27,"1","27"
"409",8,"El Salvador","Santa Cruz",25,1,7,31,6.24,6,5,126,45,25,"1","24"
"410",8,"El Salvador","Santa Cruz",26,1,7,24,6.85,7,6,122,64,32,"1","25"
"411",8,"El Salvador","Santa Cruz",27,1,7,32,5.53,7,6,126,66,32,"1.2","18"
"412",8,"El Salvador","Santa Cruz",28,1,7,20,9.25,8,6,121,20,21,"1","28"
"413",8,"El Salvador","Santa Cruz",29,1,8,25,4.43,8,7,102,40,27,"1.1","24"
"414",8,"El Salvador","Santa Cruz",30,1,8,7,7.82,5,4,118,107,12,"1.3","27"
"415",8,"El Salvador","Santa Cruz",31,1,8,9,4.04,8,8,127,64,30,"0.9","26"
"416",8,"El Salvador","Santa Cruz",32,1,8,21,5.04,9,8,97,54,32,"1","23"
"417",8,"El Salvador","Santa Cruz",33,2,9,20,6.34,7,6,109,40,26,"1","24"
"418",8,"El Salvador","Santa Cruz",34,2,9,22,5.92,6,6,131,60,27,"1","24"
"419",8,"El Salvador","Santa Cruz",35,2,9,18,6.81,6,4,131,45,23,"1","26"
"420",8,"El Salvador","Santa Cruz",36,2,9,11,7.03,6,5,126,67,33,"1","24"
"421",8,"El Salvador","Santa Cruz",37,2,10,15,6.29,7,6,122,54,28,"0.9","25"
"422",8,"El Salvador","Santa Cruz",38,2,10,13,8.01,6,6,97,31,26,"1","24"
"423",8,"El Salvador","Santa Cruz",39,2,10,12,5.8,8,7,131,75,38,"1.1","23"
"424",8,"El Salvador","Santa Cruz",40,2,10,6,8.21,4,3,122,45,26,"1.1","25"
"425",8,"El Salvador","Santa Cruz",41,2,11,29,6.39,5,5,118,60,31,"0.9","27"
"426",8,"El Salvador","Santa Cruz",42,2,11,9,5.72,5,6,89,14,23,"0.7","27"
"427",8,"El Salvador","Santa Cruz",43,2,11,1,7.32,4,4,118,45,27,"1.1","26"
"428",8,"El Salvador","Santa Cruz",44,2,11,27,8.88,5,3,135,67,29,"1.2","26"
"429",8,"El Salvador","Santa Cruz",45,2,12,19,7.98,7,7,102,8,19,"0.9","21"
"430",8,"El Salvador","Santa Cruz",46,2,12,23,3.01,8,7,75,31,29,"0.9","21"
"431",8,"El Salvador","Santa Cruz",47,2,12,14,4.57,9,10,61,2,22,"0.9","25"
"432",8,"El Salvador","Santa Cruz",48,2,12,28,7.53,7,6,126,71,34,"0.9","25"
"433",8,"El Salvador","Santa Cruz",49,2,13,21,5.38,10,9,102,45,29,"1","22"
"434",8,"El Salvador","Santa Cruz",50,2,13,4,7.3,6,6,127,64,30,"0.9","28"
"435",8,"El Salvador","Santa Cruz",51,2,13,26,6.17,5,5,109,20,22,"1.2","19"
"436",8,"El Salvador","Santa Cruz",52,2,13,2,7.96,5,4,118,40,25,"1.3","26"
"437",8,"El Salvador","Santa Cruz",53,2,14,10,7.14,7,8,135,75,36,"0.9","26"
"438",8,"El Salvador","Santa Cruz",54,2,14,5,8.04,6,5,131,54,25,"1.4","25"
"439",8,"El Salvador","Santa Cruz",55,2,14,32,4.84,7,8,135,71,30,"1.1","15"
"440",8,"El Salvador","Santa Cruz",56,2,14,7,7.99,6,4,126,54,27,"1.2","26"
"441",8,"El Salvador","Santa Cruz",57,2,15,16,4.7,8,7,102,45,29,"1","21"
"442",8,"El Salvador","Santa Cruz",58,2,15,24,6.16,7,6,102,49,30,"1.1","23"
"443",8,"El Salvador","Santa Cruz",59,2,15,3,7.63,6,5,122,60,30,"1.1","25"
"444",8,"El Salvador","Santa Cruz",60,2,15,8,7.99,6,5,138,72,26,"1.4","23"
"445",8,"El Salvador","Santa Cruz",61,2,16,25,3.75,8,9,130,64,29,"1","22"
"446",8,"El Salvador","Santa Cruz",62,2,16,17,7.79,6,6,130,45,24,"1","24"
"447",8,"El Salvador","Santa Cruz",63,2,16,30,7.43,6,5,126,77,42,"1.1","23"
"448",8,"El Salvador","Santa Cruz",64,2,16,31,7.28,6,5,135,69,30,"1","24"
"449",8,"El Salvador","Santa Cruz",65,3,17,16,5.37,8,8,102,54,31,"1","23"
"450",8,"El Salvador","Santa Cruz",66,3,17,19,2.38,8,8,82,2,20,"1","22"
"451",8,"El Salvador","Santa Cruz",67,3,17,29,7.74,4,3,126,71,34,"1.2","26"
"452",8,"El Salvador","Santa Cruz",68,3,17,31,5.55,7,6,132,71,31,"0.8","24"
"453",8,"El Salvador","Santa Cruz",69,3,18,20,7.53,8,7,132,64,28,"1","23"
"454",8,"El Salvador","Santa Cruz",70,3,18,9,5.72,7,8,125,31,22,"1","24"
"455",8,"El Salvador","Santa Cruz",71,3,18,6,9.08,6,6,126,64,31,"1","27"
"456",8,"El Salvador","Santa Cruz",72,3,18,2,8.66,3,3,137,60,24,"1.1","26"
"457",8,"El Salvador","Santa Cruz",73,3,19,17,6.43,4,3,132,45,23,"1.2","20"
"458",8,"El Salvador","Santa Cruz",74,3,19,8,6.6,6,5,129,60,28,"1.3","23"
"459",8,"El Salvador","Santa Cruz",75,3,19,22,6.27,7,6,135,60,25,"1","23"
"460",8,"El Salvador","Santa Cruz",76,3,19,15,5.95,7,6,109,40,26,"1","24"
"461",8,"El Salvador","Santa Cruz",77,3,20,5,7.18,6,5,126,64,31,"1.3","25"
"462",8,"El Salvador","Santa Cruz",78,3,20,30,5.07,6,5,102,64,35,"0.7","25"
"463",8,"El Salvador","Santa Cruz",79,3,20,13,7.66,7,6,109,54,30,"1","25"
"464",8,"El Salvador","Santa Cruz",80,3,20,21,5.55,8,8,118,71,37,"1","21"
"465",8,"El Salvador","Santa Cruz",81,3,21,18,6.47,7,6,132,60,26,"1","22"
"466",8,"El Salvador","Santa Cruz",82,3,21,28,6.51,7,6,134,60,26,"1","27"
"467",8,"El Salvador","Santa Cruz",83,3,21,7,6.6,3,3,131,63,28,"1.1","25"
"468",8,"El Salvador","Santa Cruz",84,3,21,24,7.53,6,6,126,60,29,"1","25"
"469",8,"El Salvador","Santa Cruz",85,3,22,4,6.26,4,4,131,64,29,"1.1","21"
"470",8,"El Salvador","Santa Cruz",86,3,22,11,8.78,6,5,133,66,29,"1.4","25"
"471",8,"El Salvador","Santa Cruz",87,3,22,25,3.41,5,4,115,64,33,"1.1","15"
"472",8,"El Salvador","Santa Cruz",88,3,22,23,2.68,8,4,122,54,28,"1.1","18"
"473",8,"El Salvador","Santa Cruz",89,3,23,27,7.51,6,4,122,67,34,"1","24"
"474",8,"El Salvador","Santa Cruz",90,3,23,14,2.81,8,9,75,8,23,"0.7","24"
"475",8,"El Salvador","Santa Cruz",91,3,23,12,6.48,9,7,126,60,29,"1","26"
"476",8,"El Salvador","Santa Cruz",92,3,23,10,7.99,7,7,131,60,27,"1","24"
"477",8,"El Salvador","Santa Cruz",93,3,24,1,8.53,5,5,126,45,25,"1","26"
"478",8,"El Salvador","Santa Cruz",94,3,24,3,8.49,6,6,126,67,33,"1.2","25"
"479",8,"El Salvador","Santa Cruz",95,3,24,26,6.86,4,5,125,2,14,"1","25"
"480",8,"El Salvador","Santa Cruz",96,3,24,32,5.36,6,5,118,64,33,"1.1","16"
"481",9,"Colombia","Palmira ",1,1,1,26,9.61,13,13,97,8,20,"1.1","60"
"482",9,"Colombia","Palmira ",2,1,1,22,8.82,17,17,109,45,28,"1","62"
"483",9,"Colombia","Palmira ",3,1,1,23,5.06,17,17,82,8,22,"0.7","64"
"484",9,"Colombia","Palmira ",4,1,1,3,8.53,16,15,122,40,24,"0.9","58"
"485",9,"Colombia","Palmira ",5,1,2,2,8.48,13,13,89,14,23,"1","57"
"486",9,"Colombia","Palmira ",6,1,2,16,8.12,16,16,118,60,31,"0.9","58"
"487",9,"Colombia","Palmira ",7,1,2,7,7.25,13,13,109,60,32,"1.1","51"
"488",9,"Colombia","Palmira ",8,1,2,6,7.81,14,14,126,60,29,"0.9","60"
"489",9,"Colombia","Palmira ",9,1,3,25,7.43,20,20,102,54,31,"0.9","57"
"490",9,"Colombia","Palmira ",10,1,3,19,4.52,21,20,68,113,19,"0.8","59"
"491",9,"Colombia","Palmira ",11,1,3,27,9.94,16,15,102,45,29,"0.9","61"
"492",9,"Colombia","Palmira ",12,1,3,20,6.54,21,20,102,31,25,"0.8","61"
"493",9,"Colombia","Palmira ",13,1,4,17,8.5,15,16,102,20,23,"0.9","56"
"494",9,"Colombia","Palmira ",14,1,4,13,8.52,16,15,126,54,27,"0.8","58"
"495",9,"Colombia","Palmira ",15,1,4,9,7.9,21,20,118,31,23,"0.8","63"
"496",9,"Colombia","Palmira ",16,1,4,11,10.52,18,17,102,60,33,"1","59"
"497",9,"Colombia","Palmira ",17,1,5,8,10.24,16,15,122,45,26,"1.2","44"
"498",9,"Colombia","Palmira ",18,1,5,10,10.59,21,20,118,20,21,"0.9","60"
"499",9,"Colombia","Palmira ",19,1,5,30,7.28,16,16,118,67,35,"0.8","57"
"500",9,"Colombia","Palmira ",20,1,5,5,9.06,18,17,126,60,29,"0.8","61"
"501",9,"Colombia","Palmira ",21,1,6,29,7.88,22,21,97,45,30,"0.8","58"
"502",9,"Colombia","Palmira ",22,1,6,32,9.21,17,16,75,2,20,"1","60"
"503",9,"Colombia","Palmira ",23,1,6,24,6.83,18,17,102,40,27,"0.8","56"
"504",9,"Colombia","Palmira ",24,1,6,18,9.88,16,16,102,8,19,"0.8","54"
"505",9,"Colombia","Palmira ",25,1,7,4,9.42,14,13,118,64,33,"0.9","57"
"506",9,"Colombia","Palmira ",26,1,7,1,9.08,17,16,126,45,25,"1","57"
"507",9,"Colombia","Palmira ",27,1,7,12,8.85,18,18,122,45,26,"1","55"
"508",9,"Colombia","Palmira ",28,1,7,21,6.77,22,21,109,60,32,"0.7","59"
"509",9,"Colombia","Palmira ",29,1,8,28,8.87,20,20,122,64,32,"0.9","60"
"510",9,"Colombia","Palmira ",30,1,8,15,8.22,18,18,122,45,26,"0.9","55"
"511",9,"Colombia","Palmira ",31,1,8,14,5.88,18,18,75,8,23,"0.8","53"
"512",9,"Colombia","Palmira ",32,1,8,31,10.33,17,16,55,14,28,"1","56"
"513",9,"Colombia","Palmira ",33,2,9,26,10.73,15,14,118,45,27,"1","57"
"514",9,"Colombia","Palmira ",34,2,9,9,9.29,18,18,126,20,20,"0.9","57"
"515",9,"Colombia","Palmira ",35,2,9,4,10.39,16,15,126,64,31,"1.1","54"
"516",9,"Colombia","Palmira ",36,2,9,15,8.14,18,18,97,31,26,"0.9","62"
"517",9,"Colombia","Palmira ",37,2,10,8,11.43,16,15,126,60,29,"1.1","59"
"518",9,"Colombia","Palmira ",38,2,10,25,7.92,18,18,118,45,27,"0.8","57"
"519",9,"Colombia","Palmira ",39,2,10,21,6.95,20,19,97,45,30,"0.8","61"
"520",9,"Colombia","Palmira ",40,2,10,7,9.55,15,14,122,64,32,"1.1","62"
"521",9,"Colombia","Palmira ",41,2,11,5,10.19,16,16,131,73,34,"1","53"
"522",9,"Colombia","Palmira ",42,2,11,28,9.16,20,19,126,54,27,"0.8","68"
"523",9,"Colombia","Palmira ",43,2,11,2,9.79,14,13,118,45,27,"0.9","63"
"524",9,"Colombia","Palmira ",44,2,11,22,9.94,20,19,118,60,31,"0.9","60"
"525",9,"Colombia","Palmira ",45,2,12,30,7.31,18,18,118,40,25,"0.8","51"
"526",9,"Colombia","Palmira ",46,2,12,19,5.39,19,19,109,31,24,"0.8","62"
"527",9,"Colombia","Palmira ",47,2,12,32,10.34,20,19,75,14,25,"0.8","68"
"528",9,"Colombia","Palmira ",48,2,12,23,7.16,19,19,49,2,25,"0.9","54"
"529",9,"Colombia","Palmira ",49,2,13,11,7.57,17,16,122,54,28,"0.9","63"
"530",9,"Colombia","Palmira ",50,2,13,6,8.88,15,14,109,14,20,"1","58"
"531",9,"Colombia","Palmira ",51,2,13,3,9.54,16,16,126,64,31,"0.9","63"
"532",9,"Colombia","Palmira ",52,2,13,27,9.67,15,15,118,54,29,"0.8","61"
"533",9,"Colombia","Palmira ",53,2,14,29,7.13,22,21,126,75,40,"0.9","58"
"534",9,"Colombia","Palmira ",54,2,14,20,7.36,16,16,89,14,23,"1","60"
"535",9,"Colombia","Palmira ",55,2,14,12,8.39,17,17,102,54,31,"0.9","58"
"536",9,"Colombia","Palmira ",56,2,14,14,4.56,22,21,61,107,18,"1","53"
"537",9,"Colombia","Palmira ",57,2,15,17,7,16,15,127,71,33,"0.9","57"
"538",9,"Colombia","Palmira ",58,2,15,1,7.53,16,15,126,20,20,"0.9","58"
"539",9,"Colombia","Palmira ",59,2,15,24,5.59,18,17,97,31,26,"0.9","58"
"540",9,"Colombia","Palmira ",60,2,15,10,7.61,21,20,102,40,27,"0.8","67"
"541",9,"Colombia","Palmira ",61,2,16,31,7.53,20,20,75,14,25,"1","59"
"542",9,"Colombia","Palmira ",62,2,16,18,8.49,18,17,126,60,29,"1","51"
"543",9,"Colombia","Palmira ",63,2,16,16,4.37,21,20,89,40,29,"0.7","67"
"544",9,"Colombia","Palmira ",64,2,16,13,7.07,15,15,97,40,28,"0.9","61"
"545",9,"Colombia","Palmira ",65,3,17,24,8.17,16,16,118,40,25,"0.8","59"
"546",9,"Colombia","Palmira ",66,3,17,26,9.21,15,15,126,40,23,"1","56"
"547",9,"Colombia","Palmira ",67,3,17,7,7.6,13,12,118,31,23,"0.9","61"
"548",9,"Colombia","Palmira ",68,3,17,13,8.24,15,15,102,45,29,"0.9","61"
"549",9,"Colombia","Palmira ",69,3,18,20,6.07,18,18,126,45,25,"0.9","56"
"550",9,"Colombia","Palmira ",70,3,18,9,7.8,18,18,97,14,22,"0.8","60"
"551",9,"Colombia","Palmira ",71,3,18,5,9.52,15,14,131,60,27,"0.9","56"
"552",9,"Colombia","Palmira ",72,3,18,3,7.43,16,15,122,45,26,"0.9","63"
"553",9,"Colombia","Palmira ",73,3,19,8,8.94,16,16,126,64,31,"0.9","62"
"554",9,"Colombia","Palmira ",74,3,19,1,7.22,16,15,131,60,27,"1","66"
"555",9,"Colombia","Palmira ",75,3,19,11,7.23,16,16,135,73,32,"0.9","63"
"556",9,"Colombia","Palmira ",76,3,19,14,2.69,22,21,49,8,27,"0.6","55"
"557",9,"Colombia","Palmira ",77,3,20,27,11.08,17,16,118,54,29,"1","66"
"558",9,"Colombia","Palmira ",78,3,20,31,8.05,18,17,102,31,25,"0.9","58"
"559",9,"Colombia","Palmira ",79,3,20,10,9.45,21,20,126,64,31,"0.8","59"
"560",9,"Colombia","Palmira ",80,3,20,2,8.78,14,13,97,2,18,"0.9","58"
"561",9,"Colombia","Palmira ",81,3,21,32,9.39,18,17,109,54,30,"1","59"
"562",9,"Colombia","Palmira ",82,3,21,4,8.89,14,15,126,73,36,"1","56"
"563",9,"Colombia","Palmira ",83,3,21,6,10.31,16,15,118,45,27,"0.9","58"
"564",9,"Colombia","Palmira ",84,3,21,25,8.34,18,17,118,45,27,"0.9","62"
"565",9,"Colombia","Palmira ",85,3,22,29,8.26,22,21,89,45,31,"0.8","62"
"566",9,"Colombia","Palmira ",86,3,22,17,10.84,14,14,89,20,25,"1","62"
"567",9,"Colombia","Palmira ",87,3,22,19,4.65,18,17,75,14,25,"0.7","63"
"568",9,"Colombia","Palmira ",88,3,22,28,6.88,21,20,126,67,33,"0.6","63"
"569",9,"Colombia","Palmira ",89,3,23,12,7.99,17,16,118,31,23,"0.9","49"
"570",9,"Colombia","Palmira ",90,3,23,16,9.66,19,18,122,45,26,"1","46"
"571",9,"Colombia","Palmira ",91,3,23,23,6.08,20,19,75,20,27,"0.7","58"
"572",9,"Colombia","Palmira ",92,3,23,15,6.79,17,16,89,45,31,"0.8","63"
"573",9,"Colombia","Palmira ",93,3,24,22,11.41,17,16,127,60,28,"0.9","60"
"574",9,"Colombia","Palmira ",94,3,24,18,9.52,19,18,126,60,29,"0.9","56"
"575",9,"Colombia","Palmira ",95,3,24,30,6.12,19,18,127,71,33,"0.7","59"
"576",9,"Colombia","Palmira ",96,3,24,21,6.44,21,20,122,60,30,"0.8","56"
"577",12,"Guatemala","Sabana ",1,1,1,7,0.69,23,22,10,82,13,"0.4","50"
"578",12,"Guatemala","Sabana ",2,1,1,17,0.51,23,24,11,84,18,"0.6","47"
"579",12,"Guatemala","Sabana ",3,1,1,15,0.94,25,25,9,84,21,"0.5","43"
"580",12,"Guatemala","Sabana ",4,1,1,27,0.96,24,25,8,83,19,"0.6","45"
"581",12,"Guatemala","Sabana ",5,1,2,16,0.51,25,25,11,84,18,"0.4","46"
"582",12,"Guatemala","Sabana ",6,1,2,23,1.2,27,27,8,82,15,"0.4","38"
"583",12,"Guatemala","Sabana ",7,1,2,21,1.1,23,23,11,83,15,"0.6","35"
"584",12,"Guatemala","Sabana ",8,1,2,8,0.17,23,22,14,84,15,"0.7","40"
"585",12,"Guatemala","Sabana ",9,1,3,4,0.69,25,25,11,88,25,"0.5","37"
"586",12,"Guatemala","Sabana ",10,1,3,10,0.92,28,28,6,81,15,"0.3","49"
"587",12,"Guatemala","Sabana ",11,1,3,24,1.3,27,27,9,86,25,"0.4","34"
"588",12,"Guatemala","Sabana ",12,1,3,19,0.74,27,26,12,86,20,"0.3","41"
"589",12,"Guatemala","Sabana ",13,1,4,11,0.68,30,26,6,84,27,"0.3","52"
"590",12,"Guatemala","Sabana ",14,1,4,29,1.3,23,24,11,88,25,"0.4","43"
"591",12,"Guatemala","Sabana ",15,1,4,6,1.29,22,23,9,86,25,"0.5","44"
"592",12,"Guatemala","Sabana ",16,1,4,28,0.67,26,26,10,84,20,"0.5","37"
"593",12,"Guatemala","Sabana ",17,1,5,5,0.69,27,26,13,88,22,"0.7","39"
"594",12,"Guatemala","Sabana ",18,1,5,32,0.95,27,27,10,81,9,"0.6","40"
"595",12,"Guatemala","Sabana ",19,1,5,30,0.78,28,28,3,80,13,"0.6","40"
"596",12,"Guatemala","Sabana ",20,1,5,3,1.28,22,21,5,84,29,"0.8","36"
"597",12,"Guatemala","Sabana ",21,1,6,1,1.34,22,23,11,83,15,"0.7","44"
"598",12,"Guatemala","Sabana ",22,1,6,18,1.12,24,24,12,83,14,"0.6","45"
"599",12,"Guatemala","Sabana ",23,1,6,25,0.58,25,25,9,80,7,"0.5","47"
"600",12,"Guatemala","Sabana ",24,1,6,31,0.45,27,27,9,81,10,"0.5","42"
"601",12,"Guatemala","Sabana ",25,1,7,14,0.18,29,29,10,83,16,"0.3","52"
"602",12,"Guatemala","Sabana ",26,1,7,13,0.77,29,29,139,80,19,"0.5","51"
"603",12,"Guatemala","Sabana ",27,1,7,12,0.86,28,29,2,82,25,"0.6","39"
"604",12,"Guatemala","Sabana ",28,1,7,22,1.44,24,24,3,83,27,"0.5","50"
"605",12,"Guatemala","Sabana ",29,1,8,26,1.75,23,24,9,84,21,"0.6","51"
"606",12,"Guatemala","Sabana ",30,1,8,20,1.8,27,27,9,82,14,"0.8","42"
"607",12,"Guatemala","Sabana ",31,1,8,9,0.6,25,25,11,84,18,"0.5","42"
"608",12,"Guatemala","Sabana ",32,1,8,2,0.93,21,20,10,86,23,"0.8","35"
"609",12,"Guatemala","Sabana ",33,2,9,7,0.78,23,22,7,80,9,"0.5","42"
"610",12,"Guatemala","Sabana ",34,2,9,22,1.52,24,24,9,80,7,"0.7","41"
"611",12,"Guatemala","Sabana ",35,2,9,26,1.83,23,24,10,83,16,"0.6","54"
"612",12,"Guatemala","Sabana ",36,2,9,19,0.66,27,26,10,82,13,"0.5","51"
"613",12,"Guatemala","Sabana ",37,2,10,29,1.21,23,24,9,82,14,"0.4","49"
"614",12,"Guatemala","Sabana ",38,2,10,32,0.95,27,27,10,81,9,"0.5","47"
"615",12,"Guatemala","Sabana ",39,2,10,1,0.55,22,23,12,80,4,"0.4","41"
"616",12,"Guatemala","Sabana ",40,2,10,17,1.63,23,24,9,79,3,"0.8","41"
"617",12,"Guatemala","Sabana ",41,2,11,12,0.77,28,29,10,82,13,"0.6","48"
"618",12,"Guatemala","Sabana ",42,2,11,28,1.67,26,26,8,79,4,"0.7","50"
"619",12,"Guatemala","Sabana ",43,2,11,27,1.6,24,25,8,81,12,"0.9","41"
"620",12,"Guatemala","Sabana ",44,2,11,8,1.38,23,22,11,82,11,"0.7","50"
"621",12,"Guatemala","Sabana ",45,2,12,18,1.73,24,24,10,83,16,"0.7","45"
"622",12,"Guatemala","Sabana ",46,2,12,13,1.54,29,29,11,82,11,"0.9","38"
"623",12,"Guatemala","Sabana ",47,2,12,9,0.69,25,25,11,83,15,"0.6","42"
"624",12,"Guatemala","Sabana ",48,2,12,30,0.95,28,28,12,80,4,"0.6","47"
"625",12,"Guatemala","Sabana ",49,2,13,21,0.93,23,23,8,81,12,"0.6","32"
"626",12,"Guatemala","Sabana ",50,2,13,20,1.45,27,27,12,81,7,"0.8","40"
"627",12,"Guatemala","Sabana ",51,2,13,31,0.36,27,27,13,82,9,"0.4","45"
"628",12,"Guatemala","Sabana ",52,2,13,6,0.97,22,23,10,81,9,"0.9","39"
"629",12,"Guatemala","Sabana ",53,2,14,23,0.43,27,27,9,80,7,"0.4","40"
"630",12,"Guatemala","Sabana ",54,2,14,24,1.47,27,27,10,79,2,"0.5","51"
"631",12,"Guatemala","Sabana ",55,2,14,2,1.52,21,20,9,79,3,"1","49"
"632",12,"Guatemala","Sabana ",56,2,14,5,0.95,27,26,10,80,6,"0.6","50"
"633",12,"Guatemala","Sabana ",57,2,15,25,0.75,25,25,12,80,4,"0.4","47"
"634",12,"Guatemala","Sabana ",58,2,15,10,0.92,28,28,13,83,12,"0.6","43"
"635",12,"Guatemala","Sabana ",59,2,15,16,0.85,25,25,12,82,10,"0.7","41"
"636",12,"Guatemala","Sabana ",60,2,15,15,1.03,25,25,9,81,10,"0.6","48"
"637",12,"Guatemala","Sabana ",61,2,16,14,0.35,29,29,10,83,16,"0.4","47"
"638",12,"Guatemala","Sabana ",62,2,16,3,0.85,22,21,10,82,13,"0.5","52"
"639",12,"Guatemala","Sabana ",63,2,16,4,1.63,25,25,11,80,5,"0.9","39"
"640",12,"Guatemala","Sabana ",64,2,16,11,2.39,30,26,9,80,7,"0.9","46"
"641",12,"Guatemala","Sabana ",65,3,17,30,0.78,28,28,11,82,11,"0.5","42"
"642",12,"Guatemala","Sabana ",66,3,17,1,0.87,22,23,9,82,14,"0.5","48"
"643",12,"Guatemala","Sabana ",67,3,17,8,1.12,23,22,10,83,16,"0.6","52"
"644",12,"Guatemala","Sabana ",68,3,17,7,1.3,23,22,13,84,16,"0.9","39"
"645",12,"Guatemala","Sabana ",69,3,18,19,0.83,27,26,14,84,15,"0.4","53"
"646",12,"Guatemala","Sabana ",70,3,18,18,1.3,24,24,13,84,16,"1.1","34"
"647",12,"Guatemala","Sabana ",71,3,18,15,1.46,25,25,11,82,11,"1.2","32"
"648",12,"Guatemala","Sabana ",72,3,18,6,1.78,22,23,11,81,8,"0.7","41"
"649",12,"Guatemala","Sabana ",73,3,19,31,0.72,27,27,12,81,7,"0.5","48"
"650",12,"Guatemala","Sabana ",74,3,19,12,2.06,28,29,12,82,10,"0.8","53"
"651",12,"Guatemala","Sabana ",75,3,19,4,1.81,25,25,10,79,2,"0.9","45"
"652",12,"Guatemala","Sabana ",76,3,19,9,1.72,25,25,9,80,7,"0.4","48"
"653",12,"Guatemala","Sabana ",77,3,20,23,1.89,27,27,10,81,9,"0.4","50"
"654",12,"Guatemala","Sabana ",78,3,20,28,2.17,26,26,10,81,9,"0.8","39"
"655",12,"Guatemala","Sabana ",79,3,20,14,1.95,29,29,11,82,11,"0.5","47"
"656",12,"Guatemala","Sabana ",80,3,20,25,2,25,25,11,83,15,"0.7","49"
"657",12,"Guatemala","Sabana ",81,3,21,17,2.48,23,24,12,83,14,"1","43"
"658",12,"Guatemala","Sabana ",82,3,21,2,0.85,21,20,11,82,11,"0.6","41"
"659",12,"Guatemala","Sabana ",83,3,21,21,0.93,23,23,10,81,9,"0.7","43"
"660",12,"Guatemala","Sabana ",84,3,21,11,2.39,30,26,11,83,15,"0.8","51"
"661",12,"Guatemala","Sabana ",85,3,22,24,0.86,27,27,13,84,16,"0.6","47"
"662",12,"Guatemala","Sabana ",86,3,22,13,0.94,29,29,11,82,11,"0.7","39"
"663",12,"Guatemala","Sabana ",87,3,22,32,1.12,27,27,11,83,15,"0.8","40"
"664",12,"Guatemala","Sabana ",88,3,22,16,0.68,25,25,9,80,7,"0.4","49"
"665",12,"Guatemala","Sabana ",89,3,23,3,1.7,22,21,10,80,6,"1","50"
"666",12,"Guatemala","Sabana ",90,3,23,10,1.17,28,28,13,84,16,"0.5","47"
"667",12,"Guatemala","Sabana ",91,3,23,29,1.3,23,24,13,83,12,"0.5","45"
"668",12,"Guatemala","Sabana ",92,3,23,26,1,23,24,10,81,9,"0.6","52"
"669",12,"Guatemala","Sabana ",93,3,24,5,0.86,27,26,12,83,14,"0.8","46"
"670",12,"Guatemala","Sabana ",94,3,24,22,1.1,24,24,11,82,11,"0.8","41"
"671",12,"Guatemala","Sabana ",95,3,24,20,0.94,27,27,10,83,16,"0.9","42"
"672",12,"Guatemala","Sabana ",96,3,24,27,1.68,24,25,13,84,16,"0.8","50"
"673",13,"Guatemala","Tiucal",1,1,1,30,3.42,18,18,32,107,23,"1.1","42"
"674",13,"Guatemala","Tiucal",2,1,1,13,2.52,19,18,16,88,19,"1.2","37"
"675",13,"Guatemala","Tiucal",3,1,1,15,4.22,18,18,16,98,25,"1.4","38"
"676",13,"Guatemala","Tiucal",4,1,1,29,3.03,18,18,18,98,24,"1.2","32"
"677",13,"Guatemala","Tiucal",5,1,2,17,2.28,18,18,13,86,19,"1.1","29"
"678",13,"Guatemala","Tiucal",6,1,2,12,2.03,19,19,16,91,22,"1.4","27"
"679",13,"Guatemala","Tiucal",7,1,2,27,3.16,18,18,21,86,14,"1.3","38"
"680",13,"Guatemala","Tiucal",8,1,2,22,3.14,17,18,24,88,15,"1.2","39"
"681",13,"Guatemala","Tiucal",9,1,3,3,3.42,19,19,37,91,15,"1.5","37"
"682",13,"Guatemala","Tiucal",10,1,3,10,3.14,20,18,24,91,18,"1","36"
"683",13,"Guatemala","Tiucal",11,1,3,18,3.47,17,18,22,86,13,"0.8","46"
"684",13,"Guatemala","Tiucal",12,1,3,24,2.64,19,19,21,88,17,"1.2","35"
"685",13,"Guatemala","Tiucal",13,1,4,31,1.96,19,19,22,113,30,"1.5","36"
"686",13,"Guatemala","Tiucal",14,1,4,2,1.87,18,18,21,91,20,"0.8","47"
"687",13,"Guatemala","Tiucal",15,1,4,23,1.78,19,19,12,86,20,"1.3","39"
"688",13,"Guatemala","Tiucal",16,1,4,11,1.76,18,18,22,103,24,"1.1","39"
"689",13,"Guatemala","Tiucal",17,1,5,26,1.75,19,19,12,84,17,"0.8","47"
"690",13,"Guatemala","Tiucal",18,1,5,32,1.8,19,19,12,88,24,"0.8","29"
"691",13,"Guatemala","Tiucal",19,1,5,21,0.64,19,18,16,91,22,"0.8","38"
"692",13,"Guatemala","Tiucal",20,1,5,14,1.3,19,19,11,84,18,"1.2","39"
"693",13,"Guatemala","Tiucal",21,1,6,20,1.8,19,19,24,103,23,"0.8","42"
"694",13,"Guatemala","Tiucal",22,1,6,8,1.05,19,19,14,86,18,"0.5","31"
"695",13,"Guatemala","Tiucal",23,1,6,19,0.83,19,19,8,81,12,"0.8","38"
"696",13,"Guatemala","Tiucal",24,1,6,6,1.8,18,18,18,86,15,"1.4","42"
"697",13,"Guatemala","Tiucal",25,1,7,16,0.92,19,21,10,84,20,"1.4","34"
"698",13,"Guatemala","Tiucal",26,1,7,1,2.67,18,18,21,103,26,"0.8","49"
"699",13,"Guatemala","Tiucal",27,1,7,25,2.55,19,19,14,107,33,"1","47"
"700",13,"Guatemala","Tiucal",28,1,7,7,1.78,18,19,14,82,8,"1.4","44"
"701",13,"Guatemala","Tiucal",29,1,8,5,2.03,18,18,18,103,27,"0.8","47"
"702",13,"Guatemala","Tiucal",30,1,8,9,2.67,19,18,22,88,16,"1.3","41"
"703",13,"Guatemala","Tiucal",31,1,8,28,3.56,18,22,18,91,21,"1.4","44"
"704",13,"Guatemala","Tiucal",32,1,8,4,3.6,18,18,18,91,21,"1.4","42"
"705",13,"Guatemala","Tiucal",33,2,9,4,3.6,18,19,22,98,21,"1.3","47"
"706",13,"Guatemala","Tiucal",34,2,9,7,2.23,18,18,21,91,20,"1.4","41"
"707",13,"Guatemala","Tiucal",35,2,9,14,3.04,19,18,14,84,15,"1.1","39"
"708",13,"Guatemala","Tiucal",36,2,9,30,3.78,18,19,22,2,33,"1.5","33"
"709",13,"Guatemala","Tiucal",37,2,10,32,3.87,19,19,37,113,25,"1","36"
"710",13,"Guatemala","Tiucal",38,2,10,5,2.58,19,19,37,8,30,"1.3","48"
"711",13,"Guatemala","Tiucal",39,2,10,20,3.87,19,18,24,107,26,"1.3","42"
"712",13,"Guatemala","Tiucal",40,2,10,3,3.87,18,18,32,113,26,"1.5","40"
"713",13,"Guatemala","Tiucal",41,2,11,12,1.94,19,19,10,88,27,"1","41"
"714",13,"Guatemala","Tiucal",42,2,11,25,0.97,18,19,13,88,22,"0.8","31"
"715",13,"Guatemala","Tiucal",43,2,11,23,0.98,19,19,11,83,15,"1.2","30"
"716",13,"Guatemala","Tiucal",44,2,11,9,0.98,19,19,10,82,13,"0.6","36"
"717",13,"Guatemala","Tiucal",45,2,12,1,2.68,19,19,12,86,20,"1.3","44"
"718",13,"Guatemala","Tiucal",46,2,12,24,2.64,18,19,18,86,15,"1","36"
"719",13,"Guatemala","Tiucal",47,2,12,11,2.73,18,18,22,98,21,"0.7","58"
"720",13,"Guatemala","Tiucal",48,2,12,19,1.66,19,19,12,83,14,"1","45"
"721",13,"Guatemala","Tiucal",49,2,13,29,1.51,19,19,16,84,13,"1.7","17"
"722",13,"Guatemala","Tiucal",50,2,13,10,2.4,18,19,16,86,16,"0.8","48"
"723",13,"Guatemala","Tiucal",51,2,13,2,2.43,18,21,12,83,14,"1.3","44"
"724",13,"Guatemala","Tiucal",52,2,13,28,4.01,18,18,21,84,11,"1.4","46"
"725",13,"Guatemala","Tiucal",53,2,14,6,3.87,18,18,18,86,15,"1.2","51"
"726",13,"Guatemala","Tiucal",54,2,14,27,2.99,18,18,24,107,26,"1.2","47"
"727",13,"Guatemala","Tiucal",55,2,14,21,1.82,19,19,16,98,25,"1.2","46"
"728",13,"Guatemala","Tiucal",56,2,14,31,2.23,19,19,18,103,27,"1","54"
"729",13,"Guatemala","Tiucal",57,2,15,22,2.12,18,18,21,91,20,"1.1","43"
"730",13,"Guatemala","Tiucal",58,2,15,8,1.76,18,18,22,91,19,"1.3","39"
"731",13,"Guatemala","Tiucal",59,2,15,13,1.08,18,19,13,91,25,"0.5","43"
"732",13,"Guatemala","Tiucal",60,2,15,16,1.75,19,18,11,86,22,"0.8","45"
"733",13,"Guatemala","Tiucal",61,2,16,26,3.32,18,19,22,98,21,"1.1","49"
"734",13,"Guatemala","Tiucal",62,2,16,15,4.13,19,19,21,107,28,"1.3","43"
"735",13,"Guatemala","Tiucal",63,2,16,17,2.65,18,19,16,103,29,"0.9","50"
"736",13,"Guatemala","Tiucal",64,2,16,18,4.17,18,18,21,103,26,"1.1","47"
"737",13,"Guatemala","Tiucal",65,3,17,3,4.33,18,19,24,98,20,"1.3","41"
"738",13,"Guatemala","Tiucal",66,3,17,12,3.69,18,19,24,113,28,"1.4","43"
"739",13,"Guatemala","Tiucal",67,3,17,19,2.58,19,19,24,86,12,"1.1","39"
"740",13,"Guatemala","Tiucal",68,3,17,7,3.03,18,18,21,98,23,"1.4","46"
"741",13,"Guatemala","Tiucal",69,3,18,13,1.71,18,19,21,91,20,"1.1","39"
"742",13,"Guatemala","Tiucal",70,3,18,11,2.64,18,19,28,113,27,"1.4","36"
"743",13,"Guatemala","Tiucal",71,3,18,10,3.6,19,18,49,2,25,"1.2","45"
"744",13,"Guatemala","Tiucal",72,3,18,14,1.74,22,22,11,83,15,"1","43"
"745",13,"Guatemala","Tiucal",73,3,19,16,0.92,19,19,22,98,21,"0.8","39"
"746",13,"Guatemala","Tiucal",74,3,19,30,1.44,22,22,18,88,18,"0.9","35"
"747",13,"Guatemala","Tiucal",75,3,19,20,2.34,19,19,24,2,31,"1.1","40"
"748",13,"Guatemala","Tiucal",76,3,19,31,1.42,20,19,9,82,14,"0.9","48"
"749",13,"Guatemala","Tiucal",77,3,20,1,2.68,18,18,22,107,27,"1.4","46"
"750",13,"Guatemala","Tiucal",78,3,20,2,1.68,18,19,18,91,21,"0.8","44"
"751",13,"Guatemala","Tiucal",79,3,20,26,1.11,18,19,18,91,21,"0.8","44"
"752",13,"Guatemala","Tiucal",80,3,20,27,2.9,19,19,22,103,24,"1.2","45"
"753",13,"Guatemala","Tiucal",81,3,21,4,2.52,18,19,18,88,18,"1.4","41"
"754",13,"Guatemala","Tiucal",82,3,21,25,1.23,19,19,12,86,20,"1","41"
"755",13,"Guatemala","Tiucal",83,3,21,18,2.86,18,19,18,103,27,"1.4","47"
"756",13,"Guatemala","Tiucal",84,3,21,21,2.01,18,19,28,2,30,"0.8","45"
"757",13,"Guatemala","Tiucal",85,3,22,5,1.66,18,18,21,98,23,"1.6","36"
"758",13,"Guatemala","Tiucal",86,3,22,15,3.16,19,18,22,98,21,"1.2","44"
"759",13,"Guatemala","Tiucal",87,3,22,24,3.96,18,18,28,98,19,"1.5","40"
"760",13,"Guatemala","Tiucal",88,3,22,22,3.88,18,18,49,8,27,"1.2","47"
"761",13,"Guatemala","Tiucal",89,3,23,23,1.78,19,19,14,88,21,"0.8","46"
"762",13,"Guatemala","Tiucal",90,3,23,17,3.19,18,18,22,88,16,"0.9","50"
"763",13,"Guatemala","Tiucal",91,3,23,28,4.36,18,18,37,103,20,"1.5","42"
"764",13,"Guatemala","Tiucal",92,3,23,8,2.55,18,18,24,107,26,"1.2","49"
"765",13,"Guatemala","Tiucal",93,3,24,32,3.06,19,18,24,103,23,"1","43"
"766",13,"Guatemala","Tiucal",94,3,24,9,3.2,19,18,18,86,15,"1","48"
"767",13,"Guatemala","Tiucal",95,3,24,6,3.24,18,18,28,88,14,"1.4","39"
"768",13,"Guatemala","Tiucal",96,3,24,29,3.38,18,18,14,91,24,"1.6","37"
"769",24,"Honduras","Yoro",1,1,1,32,2.3,12,11,23,5,34,"1","42"
"770",24,"Honduras","Yoro",2,1,1,20,2.49,14,11,21,95,22,"1","49"
"771",24,"Honduras","Yoro",3,1,1,24,2.15,11,17,15,90,22,"0.9","48"
"772",24,"Honduras","Yoro",4,1,1,29,1.7,15,14,20,94,22,"1","46"
"773",24,"Honduras","Yoro",5,1,2,1,3.23,15,16,4,87,38,"1","53"
"774",24,"Honduras","Yoro",6,1,2,26,3.46,14,13,31,101,20,"1","51"
"775",24,"Honduras","Yoro",7,1,2,7,2.77,13,11,34,111,25,"0.9","53"
"776",24,"Honduras","Yoro",8,1,2,21,2.29,16,14,40,114,24,"0.9","50"
"777",24,"Honduras","Yoro",9,1,3,10,3.42,11,11,55,12,28,"1","45"
"778",24,"Honduras","Yoro",10,1,3,18,5.01,15,16,82,17,25,"1","49"
"779",24,"Honduras","Yoro",11,1,3,27,4.1,15,17,64,20,29,"1","50"
"780",24,"Honduras","Yoro",12,1,3,12,2.96,14,13,44,119,25,"1","44"
"781",24,"Honduras","Yoro",13,1,4,4,3.8,12,12,60,29,32,"1","47"
"782",24,"Honduras","Yoro",14,1,4,17,5.43,18,17,100,47,30,"1","48"
"783",24,"Honduras","Yoro",15,1,4,19,3.15,16,15,58,107,18,"0.9","48"
"784",24,"Honduras","Yoro",16,1,4,3,4.47,16,17,92,9,22,"1","49"
"785",24,"Honduras","Yoro",17,1,5,11,7.15,16,13,108,28,24,"1","47"
"786",24,"Honduras","Yoro",18,1,5,13,4.12,17,16,97,34,27,"1","44"
"787",24,"Honduras","Yoro",19,1,5,9,3.92,19,16,88,14,23,"1","44"
"788",24,"Honduras","Yoro",20,1,5,22,5.15,19,18,124,62,30,"1","47"
"789",24,"Honduras","Yoro",21,1,6,28,4.68,20,19,101,56,32,"1","46"
"790",24,"Honduras","Yoro",22,1,6,6,4.19,10,12,107,38,26,"1","45"
"791",24,"Honduras","Yoro",23,1,6,14,2.69,10,8,62,4,23,"1","46"
"792",24,"Honduras","Yoro",24,1,6,23,4.21,18,18,55,113,21,"1","50"
"793",24,"Honduras","Yoro",25,1,7,25,3.65,17,17,91,35,28,"1","47"
"794",24,"Honduras","Yoro",26,1,7,2,4.28,10,10,95,27,25,"1.1","46"
"795",24,"Honduras","Yoro",27,1,7,15,4.04,17,16,98,39,27,"1","54"
"796",24,"Honduras","Yoro",28,1,7,8,4.41,13,13,128,65,30,"1","50"
"797",24,"Honduras","Yoro",29,1,8,5,4.44,12,12,116,52,28,"1","50"
"798",24,"Honduras","Yoro",30,1,8,31,3.29,19,15,108,71,38,"1","46"
"799",24,"Honduras","Yoro",31,1,8,30,2.29,18,15,67,20,28,"1","30"
"800",24,"Honduras","Yoro",32,1,8,16,4.79,18,15,92,68,40,"0.9","52"
"801",24,"Honduras","Yoro",33,2,9,12,3.37,16,15,80,42,31,"0.9","51"
"802",24,"Honduras","Yoro",34,2,9,5,4.22,12,11,113,55,30,"1","51"
"803",24,"Honduras","Yoro",35,2,9,4,3.49,11,12,114,39,25,"1","53"
"804",24,"Honduras","Yoro",36,2,9,21,3.19,12,14,112,53,29,"1","46"
"805",24,"Honduras","Yoro",37,2,10,29,3.5,12,11,103,44,28,"1","45"
"806",24,"Honduras","Yoro",38,2,10,8,4.39,12,14,110,61,32,"1","50"
"807",24,"Honduras","Yoro",39,2,10,3,4.82,12,11,120,49,27,"1","50"
"808",24,"Honduras","Yoro",40,2,10,31,2.93,19,17,117,70,37,"0.9","47"
"809",24,"Honduras","Yoro",41,2,11,14,2.25,16,17,54,119,23,"1","46"
"810",24,"Honduras","Yoro",42,2,11,18,5.98,15,15,111,41,26,"1","47"
"811",24,"Honduras","Yoro",43,2,11,30,2.4,11,7,80,16,25,"0.7","49"
"812",24,"Honduras","Yoro",44,2,11,22,5.45,16,13,117,50,28,"1","46"
"813",24,"Honduras","Yoro",45,2,12,10,3.84,12,11,112,43,27,"1","48"
"814",24,"Honduras","Yoro",46,2,12,7,3.4,12,11,99,37,27,"0.9","49"
"815",24,"Honduras","Yoro",47,2,12,6,3.74,11,11,123,48,26,"1","46"
"816",24,"Honduras","Yoro",48,2,12,25,3.28,16,18,96,36,27,"1","43"
"817",24,"Honduras","Yoro",49,2,13,23,3.31,12,11,34,105,22,"0.9","46"
"818",24,"Honduras","Yoro",50,2,13,20,3.94,13,12,65,24,29,"1","49"
"819",24,"Honduras","Yoro",51,2,13,16,2.99,12,14,66,3,22,"1","46"
"820",24,"Honduras","Yoro",52,2,13,1,4.31,13,15,78,30,28,"1","49"
"821",24,"Honduras","Yoro",53,2,14,15,3.24,15,14,83,21,26,"1","48"
"822",24,"Honduras","Yoro",54,2,14,19,2.48,18,17,23,89,16,"1","44"
"823",24,"Honduras","Yoro",55,2,14,26,3.32,15,15,53,119,23,"1","47"
"824",24,"Honduras","Yoro",56,2,14,9,3.17,12,8,57,108,20,"1","48"
"825",24,"Honduras","Yoro",57,2,15,11,3.84,16,14,43,120,26,"1","48"
"826",24,"Honduras","Yoro",58,2,15,27,3.55,18,21,58,7,25,"1","49"
"827",24,"Honduras","Yoro",59,2,15,2,2.78,18,22,32,103,21,"1","45"
"828",24,"Honduras","Yoro",60,2,15,24,2.87,10,18,29,115,27,"1","51"
"829",24,"Honduras","Yoro",61,2,16,17,3.57,12,11,48,105,19,"1","48"
"830",24,"Honduras","Yoro",62,2,16,28,3.21,19,18,60,118,22,"1","47"
"831",24,"Honduras","Yoro",63,2,16,32,2.29,12,11,45,13,30,"1","41"
"832",24,"Honduras","Yoro",64,2,16,13,2.29,19,21,31,100,19,"1","46"
"833",24,"Honduras","Yoro",65,3,17,14,1.96,20,20,17,85,14,"1","49"
"834",24,"Honduras","Yoro",66,3,17,8,3.54,10,8,55,6,25,"1","48"
"835",24,"Honduras","Yoro",67,3,17,13,3.4,14,11,49,105,19,"1","48"
"836",24,"Honduras","Yoro",68,3,17,4,3.2,12,11,51,10,28,"1","49"
"837",24,"Honduras","Yoro",69,3,18,32,2.63,12,12,59,25,31,"1","44"
"838",24,"Honduras","Yoro",70,3,18,26,4.44,13,11,37,116,25,"1","52"
"839",24,"Honduras","Yoro",71,3,18,23,3.1,13,12,24,99,21,"1","52"
"840",24,"Honduras","Yoro",72,3,18,12,2.86,12,11,36,110,24,"0.9","52"
"841",24,"Honduras","Yoro",73,3,19,16,3.1,13,12,38,112,24,"1","48"
"842",24,"Honduras","Yoro",74,3,19,25,2.5,21,22,39,104,21,"1","48"
"843",24,"Honduras","Yoro",75,3,19,9,3.39,18,20,30,97,18,"1","48"
"844",24,"Honduras","Yoro",76,3,19,29,2.88,18,17,33,109,25,"1","46"
"845",24,"Honduras","Yoro",77,3,20,7,2.68,13,12,26,96,19,"1","46"
"846",24,"Honduras","Yoro",78,3,20,15,3.01,18,17,55,102,16,"1","45"
"847",24,"Honduras","Yoro",79,3,20,30,2.05,14,13,47,93,14,"0.9","42"
"848",24,"Honduras","Yoro",80,3,20,28,3.86,18,20,58,11,27,"1","51"
"849",24,"Honduras","Yoro",81,3,21,18,4.52,14,17,50,26,33,"0.9","47"
"850",24,"Honduras","Yoro",82,3,21,11,5.35,16,12,71,14,26,"1","50"
"851",24,"Honduras","Yoro",83,3,21,31,2.37,17,15,46,18,32,"1","43"
"852",24,"Honduras","Yoro",84,3,21,1,3.01,17,16,27,92,17,"1","50"
"853",24,"Honduras","Yoro",85,3,22,24,3.07,13,16,56,3,24,"1","49"
"854",24,"Honduras","Yoro",86,3,22,21,2.77,20,15,81,22,26,"1","37"
"855",24,"Honduras","Yoro",87,3,22,19,2.95,13,12,51,106,19,"0.9","49"
"856",24,"Honduras","Yoro",88,3,22,22,5.54,20,19,105,46,29,"1","48"
"857",24,"Honduras","Yoro",89,3,23,27,5.34,12,13,112,59,31,"1","48"
"858",24,"Honduras","Yoro",90,3,23,6,4.53,20,19,119,51,28,"1","51"
"859",24,"Honduras","Yoro",91,3,23,3,3.84,20,22,93,57,34,"1","50"
"860",24,"Honduras","Yoro",92,3,23,5,3.36,22,21,84,32,28,"1","45"
"861",24,"Honduras","Yoro",93,3,24,17,4.84,23,22,52,117,23,"1","45"
"862",24,"Honduras","Yoro",94,3,24,20,4.12,14,10,90,25,26,"1","51"
"863",24,"Honduras","Yoro",95,3,24,10,3.77,10,11,81,23,27,"1","52"
"864",24,"Honduras","Yoro",96,3,24,2,3.93,13,12,69,19,28,"1","52"
"865",25,"Nicaragua","Managua",1,1,1,3,4.6,8,8,43,14,31,"1.5","41"
"866",25,"Nicaragua","Managua",2,1,1,10,5.05,9,9,55,14,28,"1.1","36"
"867",25,"Nicaragua","Managua",3,1,1,13,4.24,8,9,32,113,26,"1.1","39"
"868",25,"Nicaragua","Managua",4,1,1,23,4.08,10,10,42,2,26,"0.8","42"
"869",25,"Nicaragua","Managua",5,1,2,30,4.78,8,8,75,45,34,"1.3","33"
"870",25,"Nicaragua","Managua",6,1,2,18,4.38,8,7,49,2,25,"1.2","39"
"871",25,"Nicaragua","Managua",7,1,2,19,4.08,9,9,18,91,21,"1","38"
"872",25,"Nicaragua","Managua",8,1,2,27,5.47,6,6,42,8,28,"1.4","42"
"873",25,"Nicaragua","Managua",9,1,3,5,4.08,6,5,49,20,32,"1.1","38"
"874",25,"Nicaragua","Managua",10,1,3,6,4.98,6,6,75,20,27,"1.2","40"
"875",25,"Nicaragua","Managua",11,1,3,29,3.65,7,7,43,2,26,"1.3","39"
"876",25,"Nicaragua","Managua",12,1,3,22,4.39,7,7,76,54,35,"1.1","41"
"877",25,"Nicaragua","Managua",13,1,4,2,3.17,5,5,61,20,29,"1.2","42"
"878",25,"Nicaragua","Managua",14,1,4,14,4.56,8,9,32,107,23,"1","42"
"879",25,"Nicaragua","Managua",15,1,4,8,4.39,5,5,49,20,32,"1","46"
"880",25,"Nicaragua","Managua",16,1,4,1,4.07,6,6,82,54,34,"1.2","40"
"881",25,"Nicaragua","Managua",17,1,5,11,5.12,6,7,43,20,33,"1.2","45"
"882",25,"Nicaragua","Managua",18,1,5,28,4.84,8,8,76,47,34,"1.1","44"
"883",25,"Nicaragua","Managua",19,1,5,26,3.91,6,7,49,14,29,"1.1","38"
"884",25,"Nicaragua","Managua",20,1,5,15,4.2,8,7,61,14,27,"1.1","40"
"885",25,"Nicaragua","Managua",21,1,6,16,3.09,7,7,61,31,32,"1","41"
"886",25,"Nicaragua","Managua",22,1,6,4,5.11,5,5,89,45,31,"1.4","39"
"887",25,"Nicaragua","Managua",23,1,6,12,4.89,9,9,68,40,33,"1.2","40"
"888",25,"Nicaragua","Managua",24,1,6,17,3.85,5,5,84,31,28,"1.1","35"
"889",25,"Nicaragua","Managua",25,1,7,31,5.06,6,6,61,60,41,"1.1","39"
"890",25,"Nicaragua","Managua",26,1,7,24,5.25,8,7,61,20,29,"1","39"
"891",25,"Nicaragua","Managua",27,1,7,32,3.98,9,9,68,40,33,"1.2","25"
"892",25,"Nicaragua","Managua",28,1,7,20,5.54,8,7,72,31,30,"1","41"
"893",25,"Nicaragua","Managua",29,1,8,25,4.29,7,7,49,40,37,"1.1","42"
"894",25,"Nicaragua","Managua",30,1,8,7,4.07,5,5,79,40,31,"1.2","37"
"895",25,"Nicaragua","Managua",31,1,8,9,5.83,7,8,55,14,28,"0.9","43"
"896",25,"Nicaragua","Managua",32,1,8,21,3.96,8,8,84,45,32,"1.3","38"
"897",25,"Nicaragua","Managua",33,2,9,20,5.59,8,7,97,60,34,"1.1","38"
"898",25,"Nicaragua","Managua",34,2,9,22,3.62,8,8,94,45,30,"1.2","25"
"899",25,"Nicaragua","Managua",35,2,9,18,4.92,7,7,89,31,27,"1.3","37"
"900",25,"Nicaragua","Managua",36,2,9,11,5.81,7,7,82,31,28,"1.2","42"
"901",25,"Nicaragua","Managua",37,2,10,15,4.68,8,7,84,20,26,"1.1","39"
"902",25,"Nicaragua","Managua",38,2,10,13,4.87,7,7,61,45,36,"1","41"
"903",25,"Nicaragua","Managua",39,2,10,12,5.11,9,9,76,40,31,"1.1","39"
"904",25,"Nicaragua","Managua",40,2,10,6,6.27,5,5,89,45,31,"1.2","41"
"905",25,"Nicaragua","Managua",41,2,11,29,4.51,6,5,58,31,32,"1.1","39"
"906",25,"Nicaragua","Managua",42,2,11,9,4.5,7,7,75,40,31,"1","34"
"907",25,"Nicaragua","Managua",43,2,11,1,4.34,5,6,49,14,29,"1.5","40"
"908",25,"Nicaragua","Managua",44,2,11,27,5.56,6,7,75,40,31,"1.3","36"
"909",25,"Nicaragua","Managua",45,2,12,19,4.08,8,8,25,103,23,"1","40"
"910",25,"Nicaragua","Managua",46,2,12,23,4.1,11,11,24,107,26,"0.8","39"
"911",25,"Nicaragua","Managua",47,2,12,14,4.12,10,11,28,103,22,"0.9","38"
"912",25,"Nicaragua","Managua",48,2,12,28,5.18,8,8,75,45,34,"1","38"
"913",25,"Nicaragua","Managua",49,2,13,21,3.11,9,9,68,40,33,"1.1","40"
"914",25,"Nicaragua","Managua",50,2,13,4,5.4,6,6,68,40,33,"1.3","42"
"915",25,"Nicaragua","Managua",51,2,13,26,4.88,5,5,44,20,33,"1.1","38"
"916",25,"Nicaragua","Managua",52,2,13,2,5.01,5,5,43,8,28,"1.1","37"
"917",25,"Nicaragua","Managua",53,2,14,10,5.71,8,9,76,20,27,"1","39"
"918",25,"Nicaragua","Managua",54,2,14,5,3.47,6,6,32,113,26,"1.1","40"
"919",25,"Nicaragua","Managua",55,2,14,32,3.82,9,9,37,8,30,"1","34"
"920",25,"Nicaragua","Managua",56,2,14,7,4.1,5,5,37,20,35,"1.4","44"
"921",25,"Nicaragua","Managua",57,2,15,16,3.77,8,8,70,8,23,"1.5","36"
"922",25,"Nicaragua","Managua",58,2,15,24,3.91,8,8,32,14,33,"1.1","40"
"923",25,"Nicaragua","Managua",59,2,15,3,3.8,6,6,72,45,34,"1.3","38"
"924",25,"Nicaragua","Managua",60,2,15,8,4.22,6,6,61,40,34,"1.5","41"
"925",25,"Nicaragua","Managua",61,2,16,25,3.51,9,10,37,20,35,"1.1","38"
"926",25,"Nicaragua","Managua",62,2,16,17,4.44,6,6,49,8,27,"1.2","38"
"927",25,"Nicaragua","Managua",63,2,16,30,3.83,8,7,55,8,26,"1.1","38"
"928",25,"Nicaragua","Managua",64,2,16,31,4.61,8,7,37,8,30,"1.1","40"
"929",25,"Nicaragua","Managua",65,3,17,16,4.14,9,9,28,113,27,"1.1","39"
"930",25,"Nicaragua","Managua",66,3,17,19,4.05,10,11,21,98,23,"1","38"
"931",25,"Nicaragua","Managua",67,3,17,29,3.07,8,7,70,8,23,"1.2","31"
"932",25,"Nicaragua","Managua",68,3,17,31,3.08,8,8,61,20,29,"1.1","36"
"933",25,"Nicaragua","Managua",69,3,18,20,4.26,9,9,63,31,31,"1","41"
"934",25,"Nicaragua","Managua",70,3,18,9,4.41,8,8,43,2,26,"1.1","35"
"935",25,"Nicaragua","Managua",71,3,18,6,4.26,5,6,32,8,31,"1.2","37"
"936",25,"Nicaragua","Managua",72,3,18,2,4.56,5,5,61,20,29,"1.4","38"
"937",25,"Nicaragua","Managua",73,3,19,17,4.82,5,5,44,2,26,"1.1","39"
"938",25,"Nicaragua","Managua",74,3,19,8,3.77,5,6,61,31,32,"1.6","39"
"939",25,"Nicaragua","Managua",75,3,19,22,4.27,8,8,44,8,28,"1.2","36"
"940",25,"Nicaragua","Managua",76,3,19,15,3.95,8,8,55,2,24,"1","44"
"941",25,"Nicaragua","Managua",77,3,20,5,4.07,5,6,33,103,20,"1.4","40"
"942",25,"Nicaragua","Managua",78,3,20,30,4.09,9,8,37,20,35,"1.3","36"
"943",25,"Nicaragua","Managua",79,3,20,13,4.73,6,7,43,14,31,"1.1","42"
"944",25,"Nicaragua","Managua",80,3,20,21,3.25,8,8,37,40,40,"1.2","38"
"945",25,"Nicaragua","Managua",81,3,21,18,4.56,6,6,89,40,29,"1.4","40"
"946",25,"Nicaragua","Managua",82,3,21,28,3.9,8,7,55,31,33,"1.1","37"
"947",25,"Nicaragua","Managua",83,3,21,7,3.56,5,5,49,113,22,"1.4","39"
"948",25,"Nicaragua","Managua",84,3,21,24,4.3,8,8,43,20,33,"1.2","40"
"949",25,"Nicaragua","Managua",85,3,22,4,5.61,6,6,68,54,37,"1.5","32"
"950",25,"Nicaragua","Managua",86,3,22,11,4.08,7,7,75,31,29,"1.1","40"
"951",25,"Nicaragua","Managua",87,3,22,25,3.12,7,7,72,20,28,"1.2","36"
"952",25,"Nicaragua","Managua",88,3,22,23,3.11,8,8,32,107,23,"0.9","40"
"953",25,"Nicaragua","Managua",89,3,23,27,5.41,5,5,61,8,25,"1.2","42"
"954",25,"Nicaragua","Managua",90,3,23,14,3.34,8,9,24,107,26,"1.1","39"
"955",25,"Nicaragua","Managua",91,3,23,12,5.4,8,8,56,40,35,"1.4","37"
"956",25,"Nicaragua","Managua",92,3,23,10,6.55,8,8,82,45,32,"1.1","40"
"957",25,"Nicaragua","Managua",93,3,24,1,4.97,6,6,70,20,28,"1.5","37"
"958",25,"Nicaragua","Managua",94,3,24,3,4.89,5,5,49,20,32,"1.3","38"
"959",25,"Nicaragua","Managua",95,3,24,26,5.65,5,5,100,54,32,"1.1","42"
"960",25,"Nicaragua","Managua",96,3,24,32,4.78,8,7,68,45,35,"1.1","39"
"961",31,"Venezuela","Toco",1,1,1,19,3.79,16,15,49,107,20,".","52"
"962",31,"Venezuela","Toco",2,1,1,20,8.46,14,13,89,31,27,".","52"
"963",31,"Venezuela","Toco",3,1,1,14,3.26,16,15,37,2,27,".","52"
"964",31,"Venezuela","Toco",4,1,1,22,8.23,14,13,75,14,25,".","52"
"965",31,"Venezuela","Toco",5,1,2,23,3.55,17,16,49,2,25,".","52"
"966",31,"Venezuela","Toco",6,1,2,5,8.46,12,11,102,45,29,".","52"
"967",31,"Venezuela","Toco",7,1,2,32,7.56,11,10,89,60,35,".","52"
"968",31,"Venezuela","Toco",8,1,2,26,8.55,9,8,75,31,29,".","52"
"969",31,"Venezuela","Toco",9,1,3,15,6.81,13,12,75,45,34,".","52"
"970",31,"Venezuela","Toco",10,1,3,28,8.44,14,13,89,45,31,".","52"
"971",31,"Venezuela","Toco",11,1,3,9,5.92,13,12,75,14,25,".","52"
"972",31,"Venezuela","Toco",12,1,3,16,7.65,13,12,89,45,31,".","52"
"973",31,"Venezuela","Toco",13,1,4,27,8.43,11,10,75,31,29,".","52"
"974",31,"Venezuela","Toco",14,1,4,17,8.35,10,9,89,31,27,".","52"
"975",31,"Venezuela","Toco",15,1,4,1,8.26,10,9,89,31,27,".","52"
"976",31,"Venezuela","Toco",16,1,4,4,7.21,10,9,75,31,29,".","52"
"977",31,"Venezuela","Toco",17,1,5,18,9.13,12,11,102,31,25,".","52"
"978",31,"Venezuela","Toco",18,1,5,21,7.88,14,13,102,45,29,".","52"
"979",31,"Venezuela","Toco",19,1,5,6,8.71,11,10,89,31,27,".","52"
"980",31,"Venezuela","Toco",20,1,5,12,8.51,13,12,89,31,27,".","52"
"981",31,"Venezuela","Toco",21,1,6,7,7.07,9,8,89,31,27,".","52"
"982",31,"Venezuela","Toco",22,1,6,8,9.42,12,11,102,60,33,".","52"
"983",31,"Venezuela","Toco",23,1,6,13,7.56,13,12,89,31,27,".","52"
"984",31,"Venezuela","Toco",24,1,6,25,7.33,14,13,75,31,29,".","52"
"985",31,"Venezuela","Toco",25,1,7,29,6.84,11,10,75,31,29,".","52"
"986",31,"Venezuela","Toco",26,1,7,11,8.68,14,13,89,60,35,".","52"
"987",31,"Venezuela","Toco",27,1,7,31,7.77,14,13,89,60,35,".","52"
"988",31,"Venezuela","Toco",28,1,7,30,6.5,11,10,61,2,22,".","52"
"989",31,"Venezuela","Toco",29,1,8,24,9,13,12,75,31,29,".","52"
"990",31,"Venezuela","Toco",30,1,8,10,8.11,14,13,118,45,27,".","52"
"991",31,"Venezuela","Toco",31,1,8,2,7.76,10,9,75,14,25,".","52"
"992",31,"Venezuela","Toco",32,1,8,3,9.19,14,13,102,60,33,".","52"
"993",31,"Venezuela","Toco",33,2,9,16,7.56,14,13,89,45,31,".","52"
"994",31,"Venezuela","Toco",34,2,9,31,7.14,14,13,102,60,33,".","52"
"995",31,"Venezuela","Toco",35,2,9,4,8.85,11,10,102,67,37,".","52"
"996",31,"Venezuela","Toco",36,2,9,10,7.36,14,13,118,67,35,".","52"
"997",31,"Venezuela","Toco",37,2,10,17,7.39,9,8,102,45,29,".","52"
"998",31,"Venezuela","Toco",38,2,10,32,8.29,11,10,89,60,35,".","52"
"999",31,"Venezuela","Toco",39,2,10,11,8.19,14,13,118,60,31,".","48"
"1000",31,"Venezuela","Toco",40,2,10,12,8.33,12,11,89,31,27,".","52"
"1001",31,"Venezuela","Toco",41,2,11,24,7.07,12,11,61,31,32,".","52"
"1002",31,"Venezuela","Toco",42,2,11,21,6.16,13,12,89,45,31,".","52"
"1003",31,"Venezuela","Toco",43,2,11,15,7.58,13,12,61,31,32,".","52"
"1004",31,"Venezuela","Toco",44,2,11,13,7.21,11,10,61,31,32,".","52"
"1005",31,"Venezuela","Toco",45,2,12,25,6.31,13,12,61,14,27,".","52"
"1006",31,"Venezuela","Toco",46,2,12,27,8.88,9,8,75,45,34,".","52"
"1007",31,"Venezuela","Toco",47,2,12,26,8.33,9,8,89,31,27,".","52"
"1008",31,"Venezuela","Toco",48,2,12,9,6.76,10,9,89,31,27,".","52"
"1009",31,"Venezuela","Toco",49,2,13,6,8.98,10,9,102,45,29,".","52"
"1010",31,"Venezuela","Toco",50,2,13,1,8.21,10,9,89,45,31,".","52"
"1011",31,"Venezuela","Toco",51,2,13,22,9.32,14,13,89,45,31,".","52"
"1012",31,"Venezuela","Toco",52,2,13,2,7.81,8,7,75,31,29,".","52"
"1013",31,"Venezuela","Toco",53,2,14,5,9.72,10,9,118,60,31,".","52"
"1014",31,"Venezuela","Toco",54,2,14,30,5.83,10,9,75,14,25,".","46"
"1015",31,"Venezuela","Toco",55,2,14,28,10.01,13,12,102,60,33,".","52"
"1016",31,"Venezuela","Toco",56,2,14,19,3.38,16,15,49,2,25,".","52"
"1017",31,"Venezuela","Toco",57,2,15,8,8.79,11,10,102,45,29,".","52"
"1018",31,"Venezuela","Toco",58,2,15,3,8.88,10,9,89,45,31,".","52"
"1019",31,"Venezuela","Toco",59,2,15,14,4.36,16,15,61,2,22,".","52"
"1020",31,"Venezuela","Toco",60,2,15,23,8.88,15,14,61,2,22,".","52"
"1021",31,"Venezuela","Toco",61,2,16,7,4.37,9,8,75,14,25,".","52"
"1022",31,"Venezuela","Toco",62,2,16,18,8.89,12,11,102,31,25,".","52"
"1023",31,"Venezuela","Toco",63,2,16,20,4.38,14,13,89,45,31,".","52"
"1024",31,"Venezuela","Toco",64,2,16,29,8.9,12,11,75,45,34,".","52"
"1025",31,"Venezuela","Toco",65,3,17,8,4.38,12,11,118,60,31,".","52"
"1026",31,"Venezuela","Toco",66,3,17,26,8.91,11,10,102,60,33,".","52"
"1027",31,"Venezuela","Toco",67,3,17,1,4.39,11,10,89,45,31,".","52"
"1028",31,"Venezuela","Toco",68,3,17,31,8.91,12,11,89,45,31,".","52"
"1029",31,"Venezuela","Toco",69,3,18,22,4.4,12,11,102,60,33,".","52"
"1030",31,"Venezuela","Toco",70,3,18,9,8.92,13,12,89,45,31,".","52"
"1031",31,"Venezuela","Toco",71,3,18,13,4.41,11,10,89,60,35,".","52"
"1032",31,"Venezuela","Toco",72,3,18,12,8.93,15,14,89,45,31,".","52"
"1033",31,"Venezuela","Toco",73,3,19,17,4.42,10,9,89,45,31,".","52"
"1034",31,"Venezuela","Toco",74,3,19,28,8.94,14,13,89,60,35,".","52"
"1035",31,"Venezuela","Toco",75,3,19,6,4.43,9,8,75,31,29,".","52"
"1036",31,"Venezuela","Toco",76,3,19,23,8.95,14,13,49,2,25,".","52"
"1037",31,"Venezuela","Toco",77,3,20,19,4.44,15,14,49,107,20,".","52"
"1038",31,"Venezuela","Toco",78,3,20,4,8.15,10,9,75,31,29,".","52"
"1039",31,"Venezuela","Toco",79,3,20,2,4.44,8,7,75,31,29,".","52"
"1040",31,"Venezuela","Toco",80,3,20,7,8.15,8,7,89,45,31,".","52"
"1041",31,"Venezuela","Toco",81,3,21,27,4.45,10,9,89,45,31,".","52"
"1042",31,"Venezuela","Toco",82,3,21,30,8.15,5,4,61,14,27,".","52"
"1043",31,"Venezuela","Toco",83,3,21,20,4.46,13,12,61,45,36,".","52"
"1044",31,"Venezuela","Toco",84,3,21,15,8.15,12,11,75,31,29,".","52"
"1045",31,"Venezuela","Toco",85,3,22,21,4.47,14,13,89,31,27,".","52"
"1046",31,"Venezuela","Toco",86,3,22,5,8.15,9,8,102,45,29,".","52"
"1047",31,"Venezuela","Toco",87,3,22,10,4.48,14,13,102,45,29,".","52"
"1048",31,"Venezuela","Toco",88,3,22,14,8.15,15,14,49,14,29,".","52"
"1049",31,"Venezuela","Toco",89,3,23,24,4.49,12,11,61,14,27,".","52"
"1050",31,"Venezuela","Toco",90,3,23,29,8.15,10,9,75,45,34,".","52"
"1051",31,"Venezuela","Toco",91,3,23,32,4.5,11,10,75,31,29,".","52"
"1052",31,"Venezuela","Toco",92,3,23,16,8.15,13,12,102,60,33,".","52"
"1053",31,"Venezuela","Toco",93,3,24,11,4.51,12,11,89,45,31,".","52"
"1054",31,"Venezuela","Toco",94,3,24,3,8.15,11,10,89,45,31,".","52"
"1055",31,"Venezuela","Toco",95,3,24,18,4.51,12,11,89,45,31,".","52"
"1056",31,"Venezuela","Toco",96,3,24,25,8.15,14,13,102,45,29,".","52"
"1057",32,"Mexico","Iguala",1,1,1,20,10.93,1,1,1,1,1,".","."
"1058",32,"Mexico","Iguala",2,1,1,24,10.37,1,1,1,1,1,".","."
"1059",32,"Mexico","Iguala",3,1,1,22,11.86,1,1,1,1,1,".","."
"1060",32,"Mexico","Iguala",4,1,1,4,11.46,1,1,1,1,1,".","."
"1061",32,"Mexico","Iguala",5,1,2,15,10.6,1,1,1,1,1,".","."
"1062",32,"Mexico","Iguala",6,1,2,7,10.29,1,1,1,1,1,".","."
"1063",32,"Mexico","Iguala",7,1,2,21,7.55,1,1,1,1,1,".","."
"1064",32,"Mexico","Iguala",8,1,2,31,12.15,1,1,1,1,1,".","."
"1065",32,"Mexico","Iguala",9,1,3,17,8.59,1,1,1,1,1,".","."
"1066",32,"Mexico","Iguala",10,1,3,18,7.11,1,1,1,1,1,".","."
"1067",32,"Mexico","Iguala",11,1,3,32,7.46,1,1,1,1,1,".","."
"1068",32,"Mexico","Iguala",12,1,3,14,7.33,1,1,1,1,1,".","."
"1069",32,"Mexico","Iguala",13,1,4,29,9.07,1,1,1,1,1,".","."
"1070",32,"Mexico","Iguala",14,1,4,13,12.94,1,1,1,1,1,".","."
"1071",32,"Mexico","Iguala",15,1,4,26,10.65,1,1,1,1,1,".","."
"1072",32,"Mexico","Iguala",16,1,4,1,10.65,1,1,1,1,1,".","."
"1073",32,"Mexico","Iguala",17,1,5,3,10.48,1,1,1,1,1,".","."
"1074",32,"Mexico","Iguala",18,1,5,28,10.7,1,1,1,1,1,".","."
"1075",32,"Mexico","Iguala",19,1,5,19,7.38,1,1,1,1,1,".","."
"1076",32,"Mexico","Iguala",20,1,5,30,10.81,1,1,1,1,1,".","."
"1077",32,"Mexico","Iguala",21,1,6,5,11.1,1,1,1,1,1,".","."
"1078",32,"Mexico","Iguala",22,1,6,16,8.41,1,1,1,1,1,".","."
"1079",32,"Mexico","Iguala",23,1,6,27,9.05,1,1,1,1,1,".","."
"1080",32,"Mexico","Iguala",24,1,6,9,8.96,1,1,1,1,1,".","."
"1081",32,"Mexico","Iguala",25,1,7,10,11.8,1,1,1,1,1,".","."
"1082",32,"Mexico","Iguala",26,1,7,8,13.11,1,1,1,1,1,".","."
"1083",32,"Mexico","Iguala",27,1,7,23,8.84,1,1,1,1,1,".","."
"1084",32,"Mexico","Iguala",28,1,7,25,9.87,1,1,1,1,1,".","."
"1085",32,"Mexico","Iguala",29,1,8,6,10.4,1,1,1,1,1,".","."
"1086",32,"Mexico","Iguala",30,1,8,2,11.21,1,1,1,1,1,".","."
"1087",32,"Mexico","Iguala",31,1,8,12,9.54,1,1,1,1,1,".","."
"1088",32,"Mexico","Iguala",32,1,8,11,8.97,1,1,1,1,1,".","."
"1089",32,"Mexico","Iguala",33,2,9,27,10.65,1,1,1,1,1,".","."
"1090",32,"Mexico","Iguala",34,2,9,13,10.72,1,1,1,1,1,".","."
"1091",32,"Mexico","Iguala",35,2,9,4,9.02,1,1,1,1,1,".","."
"1092",32,"Mexico","Iguala",36,2,9,11,10.08,1,1,1,1,1,".","."
"1093",32,"Mexico","Iguala",37,2,10,30,7.97,1,1,1,1,1,".","."
"1094",32,"Mexico","Iguala",38,2,10,21,8.26,1,1,1,1,1,".","."
"1095",32,"Mexico","Iguala",39,2,10,9,8.32,1,1,1,1,1,".","."
"1096",32,"Mexico","Iguala",40,2,10,17,8.34,1,1,1,1,1,".","."
"1097",32,"Mexico","Iguala",41,2,11,28,8.59,1,1,1,1,1,".","."
"1098",32,"Mexico","Iguala",42,2,11,6,10.1,1,1,1,1,1,".","."
"1099",32,"Mexico","Iguala",43,2,11,29,7.17,1,1,1,1,1,".","."
"1100",32,"Mexico","Iguala",44,2,11,15,6.78,1,1,1,1,1,".","."
"1101",32,"Mexico","Iguala",45,2,12,16,6.68,1,1,1,1,1,".","."
"1102",32,"Mexico","Iguala",46,2,12,7,10.29,1,1,1,1,1,".","."
"1103",32,"Mexico","Iguala",47,2,12,20,6.98,1,1,1,1,1,".","."
"1104",32,"Mexico","Iguala",48,2,12,23,3.11,1,1,1,1,1,".","."
"1105",32,"Mexico","Iguala",49,2,13,12,6.38,1,1,1,1,1,".","."
"1106",32,"Mexico","Iguala",50,2,13,8,7.6,1,1,1,1,1,".","."
"1107",32,"Mexico","Iguala",51,2,13,19,3.65,1,1,1,1,1,".","."
"1108",32,"Mexico","Iguala",52,2,13,5,7.91,1,1,1,1,1,".","."
"1109",32,"Mexico","Iguala",53,2,14,24,7.74,1,1,1,1,1,".","."
"1110",32,"Mexico","Iguala",54,2,14,1,7.15,1,1,1,1,1,".","."
"1111",32,"Mexico","Iguala",55,2,14,3,9.86,1,1,1,1,1,".","."
"1112",32,"Mexico","Iguala",56,2,14,32,7.86,1,1,1,1,1,".","."
"1113",32,"Mexico","Iguala",57,2,15,22,5.52,1,1,1,1,1,".","."
"1114",32,"Mexico","Iguala",58,2,15,25,4.36,1,1,1,1,1,".","."
"1115",32,"Mexico","Iguala",59,2,15,18,6.59,1,1,1,1,1,".","."
"1116",32,"Mexico","Iguala",60,2,15,2,7.44,1,1,1,1,1,".","."
"1117",32,"Mexico","Iguala",61,2,16,26,9.54,1,1,1,1,1,".","."
"1118",32,"Mexico","Iguala",62,2,16,10,7.2,1,1,1,1,1,".","."
"1119",32,"Mexico","Iguala",63,2,16,31,10.27,1,1,1,1,1,".","."
"1120",32,"Mexico","Iguala",64,2,16,14,5.74,1,1,1,1,1,".","."
"1121",32,"Mexico","Iguala",65,3,17,28,8.56,1,1,1,1,1,".","."
"1122",32,"Mexico","Iguala",66,3,17,12,8.4,1,1,1,1,1,".","."
"1123",32,"Mexico","Iguala",67,3,17,20,10.23,1,1,1,1,1,".","."
"1124",32,"Mexico","Iguala",68,3,17,10,11.6,1,1,1,1,1,".","."
"1125",32,"Mexico","Iguala",69,3,18,18,10.37,1,1,1,1,1,".","."
"1126",32,"Mexico","Iguala",70,3,18,30,9.39,1,1,1,1,1,".","."
"1127",32,"Mexico","Iguala",71,3,18,5,12.88,1,1,1,1,1,".","."
"1128",32,"Mexico","Iguala",72,3,18,26,12.56,1,1,1,1,1,".","."
"1129",32,"Mexico","Iguala",73,3,19,2,11.29,1,1,1,1,1,".","."
"1130",32,"Mexico","Iguala",74,3,19,24,9.73,1,1,1,1,1,".","."
"1131",32,"Mexico","Iguala",75,3,19,21,8.89,1,1,1,1,1,".","."
"1132",32,"Mexico","Iguala",76,3,19,16,8.55,1,1,1,1,1,".","."
"1133",32,"Mexico","Iguala",77,3,20,22,10.77,1,1,1,1,1,".","."
"1134",32,"Mexico","Iguala",78,3,20,19,5.17,1,1,1,1,1,".","."
"1135",32,"Mexico","Iguala",79,3,20,15,8.13,1,1,1,1,1,".","."
"1136",32,"Mexico","Iguala",80,3,20,32,10.39,1,1,1,1,1,".","."
"1137",32,"Mexico","Iguala",81,3,21,23,5.8,1,1,1,1,1,".","."
"1138",32,"Mexico","Iguala",82,3,21,31,10.64,1,1,1,1,1,".","."
"1139",32,"Mexico","Iguala",83,3,21,13,8.94,1,1,1,1,1,".","."
"1140",32,"Mexico","Iguala",84,3,21,3,9.3,1,1,1,1,1,".","."
"1141",32,"Mexico","Iguala",85,3,22,25,6.7,1,1,1,1,1,".","."
"1142",32,"Mexico","Iguala",86,3,22,27,8.12,1,1,1,1,1,".","."
"1143",32,"Mexico","Iguala",87,3,22,6,8.01,1,1,1,1,1,".","."
"1144",32,"Mexico","Iguala",88,3,22,14,4.62,1,1,1,1,1,".","."
"1145",32,"Mexico","Iguala",89,3,23,8,9.51,1,1,1,1,1,".","."
"1146",32,"Mexico","Iguala",90,3,23,4,7.9,1,1,1,1,1,".","."
"1147",32,"Mexico","Iguala",91,3,23,1,9.19,1,1,1,1,1,".","."
"1148",32,"Mexico","Iguala",92,3,23,9,8.74,1,1,1,1,1,".","."
"1149",32,"Mexico","Iguala",93,3,24,11,11.21,1,1,1,1,1,".","."
"1150",32,"Mexico","Iguala",94,3,24,17,11.92,1,1,1,1,1,".","."
"1151",32,"Mexico","Iguala",95,3,24,7,11.12,1,1,1,1,1,".","."
"1152",32,"Mexico","Iguala",96,3,24,29,7.99,1,1,1,1,1,".","."
